x,lam
0.0,1.0
0.040100250626566414,1.006015037593985
0.08020050125313283,1.0120300751879698
0.12030075187969924,1.018045112781955
0.16040100250626566,1.02406015037594
0.20050125313283207,1.0300751879699248
0.24060150375939848,1.0360902255639097
0.2807017543859649,1.0421052631578946
0.3208020050125313,1.0481203007518798
0.3609022556390977,1.0541353383458647
0.40100250626566414,1.0601503759398496
0.44110275689223055,1.0661654135338345
0.48120300751879697,1.0721804511278195
0.5213032581453634,1.0781954887218046
0.5614035087719298,1.0842105263157895
0.6015037593984962,1.0902255639097744
0.6416040100250626,1.0962406015037593
0.681704260651629,1.1022556390977443
0.7218045112781954,1.1082706766917294
0.7619047619047619,1.1142857142857143
0.8020050125313283,1.1203007518796992
0.8421052631578947,1.1263157894736842
0.8822055137844611,1.132330827067669
0.9223057644110275,1.1383458646616542
0.9624060150375939,1.1443609022556391
1.0025062656641603,1.150375939849624
1.0426065162907268,1.156390977443609
1.0827067669172932,1.1624060150375939
1.1228070175438596,1.168421052631579
1.162907268170426,1.174436090225564
1.2030075187969924,1.1804511278195489
1.2431077694235588,1.1864661654135338
1.2832080200501252,1.1924812030075187
1.3233082706766917,1.1984962406015038
1.363408521303258,1.2045112781954888
1.4035087719298245,1.2105263157894737
1.443609022556391,1.2165413533834586
1.4837092731829573,1.2225563909774435
1.5238095238095237,1.2285714285714286
1.5639097744360901,1.2345864661654136
1.6040100250626566,1.2406015037593985
1.644110275689223,1.2466165413533834
1.6842105263157894,1.2526315789473683
1.7243107769423558,1.2586466165413532
1.7644110275689222,1.2646616541353384
1.8045112781954886,1.2706766917293233
1.844611528822055,1.2766917293233082
1.8847117794486214,1.2827067669172931
1.9248120300751879,1.2887218045112783
1.9649122807017543,1.2947368421052632
2.0050125313283207,1.300751879699248
2.045112781954887,1.306766917293233
2.0852130325814535,1.312781954887218
2.12531328320802,1.3187969924812029
2.1654135338345863,1.324812030075188
2.2055137844611528,1.330827067669173
2.245614035087719,1.3368421052631578
2.2857142857142856,1.3428571428571427
2.325814536340852,1.348872180451128
2.3659147869674184,1.3548872180451128
2.406015037593985,1.3609022556390977
2.4461152882205512,1.3669172932330826
2.4862155388471177,1.3729323308270676
2.526315789473684,1.3789473684210525
2.5664160401002505,1.3849624060150376
2.606516290726817,1.3909774436090225
2.6466165413533833,1.3969924812030075
2.6867167919799497,1.4030075187969924
2.726817042606516,1.4090225563909775
2.7669172932330826,1.4150375939849624
2.807017543859649,1.4210526315789473
2.8471177944862154,1.4270676691729323
2.887218045112782,1.4330827067669172
2.927318295739348,1.439097744360902
2.9674185463659146,1.4451127819548872
3.007518796992481,1.4511278195488722
3.0476190476190474,1.457142857142857
3.087719298245614,1.463157894736842
3.1278195488721803,1.4691729323308271
3.1679197994987467,1.475187969924812
3.208020050125313,1.481203007518797
3.2481203007518795,1.4872180451127819
3.288220551378446,1.4932330827067668
3.3283208020050123,1.4992481203007517
3.3684210526315788,1.5052631578947366
3.408521303258145,1.5112781954887218
3.4486215538847116,1.5172932330827067
3.488721804511278,1.5233082706766918
3.5288220551378444,1.5293233082706768
3.568922305764411,1.5353383458646617
3.6090225563909772,1.5413533834586466
3.6491228070175437,1.5473684210526315
3.68922305764411,1.5533834586466164
3.7293233082706765,1.5593984962406013
3.769423558897243,1.5654135338345863
3.8095238095238093,1.5714285714285714
3.8496240601503757,1.5774436090225563
3.889724310776942,1.5834586466165415
3.9298245614035086,1.5894736842105264
3.969924812030075,1.5954887218045113
4.010025062656641,1.6015037593984962
4.050125313283208,1.6075187969924811
4.090225563909774,1.613533834586466
4.130325814536341,1.619548872180451
4.170426065162907,1.6255639097744359
4.2105263157894735,1.631578947368421
4.25062656641604,1.637593984962406
4.290726817042606,1.643609022556391
4.330827067669173,1.649624060150376
4.370927318295739,1.655639097744361
4.4110275689223055,1.6616541353383458
4.451127819548872,1.6676691729323307
4.491228070175438,1.6736842105263157
4.531328320802005,1.6796992481203006
4.571428571428571,1.6857142857142855
4.611528822055138,1.6917293233082706
4.651629072681704,1.6977443609022556
4.69172932330827,1.7037593984962407
4.731829573934837,1.7097744360902256
4.771929824561403,1.7157894736842105
4.81203007518797,1.7218045112781954
4.852130325814536,1.7278195488721804
4.8922305764411025,1.7338345864661653
4.932330827067669,1.7398496240601502
4.972431077694235,1.7458646616541351
5.012531328320802,1.7518796992481203
5.052631578947368,1.7578947368421052
5.0927318295739346,1.7639097744360903
5.132832080200501,1.7699248120300752
5.172932330827067,1.7759398496240602
5.213032581453634,1.781954887218045
5.2531328320802,1.78796992481203
5.293233082706767,1.793984962406015
5.333333333333333,1.7999999999999998
5.3734335839598995,1.8060150375939847
5.413533834586466,1.8120300751879699
5.453634085213032,1.8180451127819548
5.493734335839599,1.82406015037594
5.533834586466165,1.8300751879699249
5.5739348370927315,1.8360902255639098
5.614035087719298,1.8421052631578947
5.654135338345864,1.8481203007518796
5.694235588972431,1.8541353383458645
5.734335839598997,1.8601503759398494
5.774436090225564,1.8661654135338344
5.81453634085213,1.8721804511278195
5.854636591478696,1.8781954887218044
5.894736842105263,1.8842105263157896
5.934837092731829,1.8902255639097745
5.974937343358396,1.8962406015037594
6.015037593984962,1.9022556390977443
6.0551378446115285,1.9082706766917292
6.095238095238095,1.9142857142857141
6.135338345864661,1.920300751879699
6.175438596491228,1.926315789473684
6.215538847117794,1.9323308270676691
6.2556390977443606,1.938345864661654
6.295739348370927,1.944360902255639
6.335839598997493,1.950375939849624
6.37593984962406,1.956390977443609
6.416040100250626,1.962406015037594
6.456140350877193,1.9684210526315788
6.496240601503759,1.9744360902255638
6.5363408521303255,1.9804511278195487
6.576441102756892,1.9864661654135336
6.616541353383458,1.9924812030075187
6.656641604010025,1.9984962406015037
6.696741854636591,2.004511278195489
6.7368421052631575,2.0105263157894733
6.776942355889724,2.0165413533834586
6.81704260651629,2.0225563909774436
6.857142857142857,2.0285714285714285
6.897243107769423,2.0345864661654134
6.93734335839599,2.0406015037593983
6.977443609022556,2.0466165413533837
7.017543859649122,2.052631578947368
7.057644110275689,2.0586466165413535
7.097744360902255,2.064661654135338
7.137844611528822,2.0706766917293233
7.177944862155388,2.0766917293233083
7.2180451127819545,2.082706766917293
7.258145363408521,2.088721804511278
7.298245614035087,2.094736842105263
7.338345864661654,2.100751879699248
7.37844611528822,2.106766917293233
7.4185463659147866,2.112781954887218
7.458646616541353,2.1187969924812027
7.498746867167919,2.124812030075188
7.538847117794486,2.1308270676691725
7.578947368421052,2.136842105263158
7.619047619047619,2.142857142857143
7.659147869674185,2.1488721804511277
7.6992481203007515,2.1548872180451126
7.739348370927318,2.1609022556390975
7.779448621553884,2.166917293233083
7.819548872180451,2.1729323308270674
7.859649122807017,2.1789473684210527
7.8997493734335835,2.184962406015037
7.93984962406015,2.1909774436090226
7.979949874686716,2.1969924812030075
8.020050125313283,2.2030075187969924
8.060150375939848,2.209022556390977
8.100250626566416,2.2150375939849622
8.140350877192983,2.2210526315789476
8.180451127819548,2.227067669172932
8.220551378446114,2.233082706766917
8.260651629072681,2.239097744360902
8.300751879699249,2.2451127819548873
8.340852130325814,2.2511278195488718
8.38095238095238,2.257142857142857
8.421052631578947,2.263157894736842
8.461152882205514,2.269172932330827
8.50125313283208,2.275187969924812
8.541353383458645,2.281203007518797
8.581453634085213,2.287218045112782
8.62155388471178,2.2932330827067666
8.661654135338345,2.299248120300752
8.701754385964911,2.3052631578947365
8.741854636591478,2.311278195488722
8.781954887218046,2.3172932330827067
8.822055137844611,2.3233082706766917
8.862155388471177,2.329323308270676
8.902255639097744,2.3353383458646615
8.942355889724311,2.341353383458647
8.982456140350877,2.3473684210526313
9.022556390977442,2.3533834586466162
9.06265664160401,2.359398496240601
9.102756892230577,2.3654135338345865
9.142857142857142,2.371428571428571
9.182957393483708,2.3774436090225564
9.223057644110275,2.3834586466165413
9.263157894736842,2.389473684210526
9.303258145363408,2.395488721804511
9.343358395989974,2.401503759398496
9.38345864661654,2.4075187969924814
9.423558897243108,2.413533834586466
9.463659147869674,2.4195488721804512
9.50375939849624,2.4255639097744357
9.543859649122806,2.431578947368421
9.583959899749374,2.437593984962406
9.62406015037594,2.443609022556391
9.664160401002505,2.4496240601503754
9.704260651629072,2.4556390977443607
9.74436090225564,2.461654135338346
9.784461152882205,2.4676691729323306
9.82456140350877,2.4736842105263155
9.864661654135338,2.4796992481203004
9.904761904761905,2.4857142857142858
9.94486215538847,2.4917293233082702
9.984962406015036,2.4977443609022556
10.025062656641603,2.5037593984962405
10.06516290726817,2.5097744360902254
10.105263157894736,2.5157894736842104
10.145363408521302,2.5218045112781953
10.185463659147869,2.5278195488721806
10.225563909774436,2.533834586466165
10.265664160401002,2.5398496240601505
10.305764411027567,2.545864661654135
10.345864661654135,2.5518796992481203
10.385964912280702,2.557894736842105
10.426065162907268,2.56390977443609
10.466165413533833,2.5699248120300746
10.5062656641604,2.57593984962406
10.546365914786968,2.5819548872180453
10.586466165413533,2.58796992481203
10.626566416040099,2.5939849624060147
10.666666666666666,2.5999999999999996
10.706766917293233,2.606015037593985
10.746867167919799,2.6120300751879695
10.786967418546364,2.618045112781955
10.827067669172932,2.6240601503759398
10.867167919799499,2.6300751879699247
10.907268170426065,2.6360902255639096
10.94736842105263,2.6421052631578945
10.987468671679197,2.64812030075188
11.027568922305765,2.6541353383458643
11.06766917293233,2.6601503759398497
11.107769423558896,2.666165413533834
11.147869674185463,2.6721804511278195
11.18796992481203,2.6781954887218045
11.228070175438596,2.6842105263157894
11.268170426065161,2.690225563909774
11.308270676691729,2.696240601503759
11.348370927318296,2.7022556390977446
11.388471177944862,2.708270676691729
11.428571428571427,2.714285714285714
11.468671679197994,2.720300751879699
11.508771929824562,2.7263157894736842
11.548872180451127,2.7323308270676687
11.588972431077693,2.738345864661654
11.62907268170426,2.744360902255639
11.669172932330827,2.750375939849624
11.709273182957393,2.756390977443609
11.749373433583958,2.7624060150375938
11.789473684210526,2.768421052631579
11.829573934837093,2.7744360902255636
11.869674185463658,2.780451127819549
11.909774436090224,2.7864661654135334
11.949874686716791,2.792481203007519
11.989974937343359,2.7984962406015037
12.030075187969924,2.8045112781954886
12.07017543859649,2.810526315789473
12.110275689223057,2.8165413533834585
12.150375939849624,2.822556390977444
12.19047619047619,2.8285714285714283
12.230576441102755,2.834586466165413
12.270676691729323,2.840601503759398
12.31077694235589,2.8466165413533835
12.350877192982455,2.852631578947368
12.390977443609021,2.8586466165413533
12.431077694235588,2.8646616541353382
12.471177944862156,2.870676691729323
12.511278195488721,2.876691729323308
12.551378446115287,2.882706766917293
12.591478696741854,2.888721804511278
12.631578947368421,2.894736842105263
12.671679197994987,2.900751879699248
12.711779448621552,2.9067669172932327
12.75187969924812,2.912781954887218
12.791979949874687,2.918796992481203
12.832080200501252,2.924812030075188
12.872180451127818,2.9308270676691723
12.912280701754385,2.9368421052631577
12.952380952380953,2.942857142857143
12.992481203007518,2.9488721804511275
13.032581453634084,2.9548872180451125
13.072681704260651,2.9609022556390974
13.112781954887218,2.9669172932330827
13.152882205513784,2.972932330827067
13.19298245614035,2.9789473684210526
13.233082706766917,2.9849624060150375
13.273182957393484,2.9909774436090224
13.31328320802005,2.9969924812030073
13.353383458646615,3.0030075187969922
13.393483709273182,3.009022556390977
13.43358395989975,3.0150375939849625
13.473684210526315,3.021052631578947
13.51378446115288,3.027067669172932
13.553884711779448,3.0330827067669173
13.593984962406015,3.039097744360902
13.63408521303258,3.045112781954887
13.674185463659146,3.051127819548872
13.714285714285714,3.057142857142857
13.75438596491228,3.063157894736842
13.794486215538846,3.0691729323308268
13.834586466165412,3.0751879699248117
13.87468671679198,3.0812030075187966
13.914786967418546,3.087218045112782
13.954887218045112,3.093233082706767
13.994987468671678,3.0992481203007514
14.035087719298245,3.1052631578947367
14.075187969924812,3.1112781954887216
14.115288220551378,3.1172932330827066
14.155388471177943,3.1233082706766915
14.19548872180451,3.1293233082706764
14.235588972431078,3.1353383458646618
14.275689223057643,3.1413533834586462
14.315789473684209,3.147368421052631
14.355889724310776,3.1533834586466165
14.395989974937343,3.1593984962406014
14.436090225563909,3.1654135338345863
14.476190476190474,3.1714285714285713
14.516290726817042,3.177443609022556
14.556390977443609,3.183458646616541
14.596491228070175,3.189473684210526
14.63659147869674,3.195488721804511
14.676691729323307,3.201503759398496
14.716791979949875,3.207518796992481
14.75689223057644,3.213533834586466
14.796992481203006,3.2195488721804506
14.837092731829573,3.225563909774436
14.87719298245614,3.231578947368421
14.917293233082706,3.237593984962406
14.957393483709271,3.2436090225563907
14.997493734335839,3.2496240601503756
15.037593984962406,3.255639097744361
15.077694235588972,3.2616541353383455
15.117794486215537,3.2676691729323304
15.157894736842104,3.2736842105263158
15.197994987468672,3.2796992481203007
15.238095238095237,3.2857142857142856
15.278195488721803,3.2917293233082705
15.31829573934837,3.2977443609022554
15.358395989974937,3.3037593984962403
15.398496240601503,3.3097744360902253
15.438596491228068,3.31578947368421
15.478696741854636,3.321804511278195
15.518796992481203,3.3278195488721805
15.558897243107769,3.3338345864661654
15.598997493734334,3.33984962406015
15.639097744360901,3.345864661654135
15.679197994987469,3.35187969924812
15.719298245614034,3.357894736842105
15.7593984962406,3.36390977443609
15.799498746867167,3.369924812030075
15.839598997493734,3.3759398496240602
15.8796992481203,3.3819548872180447
15.919799498746865,3.3879699248120296
15.959899749373433,3.393984962406015
16.0,3.4
