n,z,density
2,-3.92,0.0
2,-3.76,0.0
2,-3.6,0.0
2,-3.44,0.0
2,-3.2800000000000002,0.0
2,-3.12,0.0
2,-2.96,0.0
2,-2.8,0.0
2,-2.6399999999999997,0.0
2,-2.48,0.001249999999999999
2,-2.3200000000000003,0.02124999999999998
2,-2.16,0.04937499999999996
2,-2.0,0.07374999999999994
2,-1.8399999999999999,0.10312499999999991
2,-1.68,0.1231249999999999
2,-1.52,0.15281249999999988
2,-1.3599999999999999,0.17812499999999984
2,-1.2,0.20874999999999982
2,-1.04,0.2296874999999998
2,-0.8799999999999999,0.27374999999999977
2,-0.72,0.28687499999999977
2,-0.56,0.31968749999999974
2,-0.3999999999999999,0.3431249999999997
2,-0.24,0.3631249999999997
2,-0.08000000000000007,0.40906249999999966
2,0.08000000000000007,0.39406249999999965
2,0.2400000000000002,0.3740624999999997
2,0.40000000000000036,0.3446874999999997
2,0.56,0.3181249999999997
2,0.7199999999999998,0.27156249999999976
2,0.8799999999999999,0.2599999999999998
2,1.04,0.2390624999999998
2,1.2000000000000002,0.19312499999999982
2,1.3600000000000003,0.18343749999999984
2,1.5200000000000005,0.16562499999999986
2,1.6800000000000002,0.12812499999999988
2,1.8399999999999999,0.09749999999999992
2,2.0,0.07718749999999994
2,2.16,0.04156249999999997
2,2.3200000000000003,0.02374999999999998
2,2.4800000000000004,0.001249999999999999
2,2.64,0.0
2,2.8,0.0
2,2.96,0.0
2,3.12,0.0
2,3.2800000000000002,0.0
2,3.4400000000000004,0.0
2,3.6,0.0
2,3.76,0.0
2,3.92,0.0
4,-3.92,0.0
4,-3.76,0.0
4,-3.6,0.0
4,-3.44,0.0
4,-3.2800000000000002,0.0
4,-3.12,0.001249999999999999
4,-2.96,0.002499999999999998
4,-2.8,0.007499999999999994
4,-2.6399999999999997,0.008749999999999992
4,-2.48,0.018437499999999985
4,-2.3200000000000003,0.029687499999999974
4,-2.16,0.045312499999999964
4,-2.0,0.05656249999999995
4,-1.8399999999999999,0.08281249999999993
4,-1.68,0.1053124999999999
4,-1.52,0.1340624999999999
4,-1.3599999999999999,0.16999999999999985
4,-1.2,0.19812499999999983
4,-1.04,0.2462499999999998
4,-0.8799999999999999,0.2568749999999998
4,-0.72,0.29499999999999976
4,-0.56,0.3403124999999997
4,-0.3999999999999999,0.3518749999999997
4,-0.24,0.3687499999999997
4,-0.08000000000000007,0.3709374999999997
4,0.08000000000000007,0.39718749999999964
4,0.2400000000000002,0.3649999999999997
4,0.40000000000000036,0.3637499999999997
4,0.56,0.3256249999999997
4,0.7199999999999998,0.31187499999999974
4,0.8799999999999999,0.2684374999999998
4,1.04,0.2481249999999998
4,1.2000000000000002,0.20343749999999983
4,1.3600000000000003,0.18562499999999985
4,1.5200000000000005,0.14656249999999987
4,1.6800000000000002,0.10374999999999991
4,1.8399999999999999,0.07656249999999994
4,2.0,0.05499999999999995
4,2.16,0.04124999999999997
4,2.3200000000000003,0.03156249999999997
4,2.4800000000000004,0.016562499999999987
4,2.64,0.011249999999999991
4,2.8,0.0056249999999999955
4,2.96,0.0018749999999999984
4,3.12,0.0006249999999999995
4,3.2800000000000002,0.0
4,3.4400000000000004,0.0
4,3.6,0.0
4,3.76,0.0
4,3.92,0.0
8,-3.92,0.0
8,-3.76,0.0
8,-3.6,0.0
8,-3.44,0.001249999999999999
8,-3.2800000000000002,0.0018749999999999984
8,-3.12,0.002187499999999998
8,-2.96,0.0028124999999999977
8,-2.8,0.007187499999999994
8,-2.6399999999999997,0.012812499999999989
8,-2.48,0.017812499999999985
8,-2.3200000000000003,0.029999999999999975
8,-2.16,0.028749999999999977
8,-2.0,0.06124999999999995
8,-1.8399999999999999,0.07937499999999993
8,-1.68,0.09656249999999991
8,-1.52,0.13312499999999988
8,-1.3599999999999999,0.16343749999999985
8,-1.2,0.19937499999999983
8,-1.04,0.2331249999999998
8,-0.8799999999999999,0.26906249999999976
8,-0.72,0.29749999999999976
8,-0.56,0.3537499999999997
8,-0.3999999999999999,0.3599999999999997
8,-0.24,0.38343749999999965
8,-0.08000000000000007,0.38312499999999966
8,0.08000000000000007,0.40343749999999967
8,0.2400000000000002,0.3709374999999997
8,0.40000000000000036,0.39187499999999964
8,0.56,0.34062499999999973
8,0.7199999999999998,0.2943749999999998
8,0.8799999999999999,0.2681249999999998
8,1.04,0.2468749999999998
8,1.2000000000000002,0.20124999999999982
8,1.3600000000000003,0.15343749999999987
8,1.5200000000000005,0.1284374999999999
8,1.6800000000000002,0.09374999999999992
8,1.8399999999999999,0.07687499999999993
8,2.0,0.04781249999999996
8,2.16,0.04062499999999997
8,2.3200000000000003,0.028437499999999977
8,2.4800000000000004,0.016562499999999987
8,2.64,0.012812499999999989
8,2.8,0.0056249999999999955
8,2.96,0.005312499999999995
8,3.12,0.002499999999999998
8,3.2800000000000002,0.0009374999999999992
8,3.4400000000000004,0.001249999999999999
8,3.6,0.00031249999999999974
8,3.76,0.0
8,3.92,0.0
16,-3.92,0.0
16,-3.76,0.0
16,-3.6,0.00031249999999999974
16,-3.44,0.0006249999999999995
16,-3.2800000000000002,0.001249999999999999
16,-3.12,0.003437499999999997
16,-2.96,0.003437499999999997
16,-2.8,0.009687499999999991
16,-2.6399999999999997,0.010312499999999992
16,-2.48,0.015624999999999986
16,-2.3200000000000003,0.022499999999999982
16,-2.16,0.03437499999999997
16,-2.0,0.05531249999999995
16,-1.8399999999999999,0.07249999999999994
16,-1.68,0.09624999999999992
16,-1.52,0.1246874999999999
16,-1.3599999999999999,0.15562499999999987
16,-1.2,0.19656249999999983
16,-1.04,0.2121874999999998
16,-0.8799999999999999,0.27687499999999976
16,-0.72,0.29718749999999977
16,-0.56,0.3474999999999997
16,-0.3999999999999999,0.38781249999999967
16,-0.24,0.38624999999999965
16,-0.08000000000000007,0.4084374999999997
16,0.08000000000000007,0.40781249999999963
16,0.2400000000000002,0.3818749999999997
16,0.40000000000000036,0.35656249999999967
16,0.56,0.3309374999999997
16,0.7199999999999998,0.30531249999999976
16,0.8799999999999999,0.28718749999999976
16,1.04,0.2437499999999998
16,1.2000000000000002,0.20187499999999983
16,1.3600000000000003,0.15624999999999986
16,1.5200000000000005,0.13562499999999988
16,1.6800000000000002,0.08562499999999992
16,1.8399999999999999,0.08468749999999993
16,2.0,0.04781249999999996
16,2.16,0.032812499999999974
16,2.3200000000000003,0.031249999999999972
16,2.4800000000000004,0.015312499999999988
16,2.64,0.01093749999999999
16,2.8,0.007499999999999994
16,2.96,0.003437499999999997
16,3.12,0.0015624999999999986
16,3.2800000000000002,0.001249999999999999
16,3.4400000000000004,0.0009374999999999992
16,3.6,0.0006249999999999995
16,3.76,0.00031249999999999974
16,3.92,0.0
32,-3.92,0.0
32,-3.76,0.00031249999999999974
32,-3.6,0.00031249999999999974
32,-3.44,0.0006249999999999995
32,-3.2800000000000002,0.0006249999999999995
32,-3.12,0.003437499999999997
32,-2.96,0.003124999999999997
32,-2.8,0.006874999999999994
32,-2.6399999999999997,0.014374999999999988
32,-2.48,0.015624999999999986
32,-2.3200000000000003,0.02156249999999998
32,-2.16,0.039374999999999966
32,-2.0,0.05343749999999996
32,-1.8399999999999999,0.07031249999999994
32,-1.68,0.10062499999999991
32,-1.52,0.13437499999999988
32,-1.3599999999999999,0.15843749999999987
32,-1.2,0.20156249999999984
32,-1.04,0.2340624999999998
32,-0.8799999999999999,0.2596874999999998
32,-0.72,0.2862499999999998
32,-0.56,0.3587499999999997
32,-0.3999999999999999,0.3584374999999997
32,-0.24,0.38374999999999965
32,-0.08000000000000007,0.3978124999999997
32,0.08000000000000007,0.40718749999999965
32,0.2400000000000002,0.3759374999999997
32,0.40000000000000036,0.3703124999999997
32,0.56,0.3578124999999997
32,0.7199999999999998,0.32156249999999975
32,0.8799999999999999,0.2649999999999998
32,1.04,0.2284374999999998
32,1.2000000000000002,0.19249999999999984
32,1.3600000000000003,0.15343749999999987
32,1.5200000000000005,0.1246874999999999
32,1.6800000000000002,0.10187499999999991
32,1.8399999999999999,0.07906249999999994
32,2.0,0.057187499999999954
32,2.16,0.03687499999999997
32,2.3200000000000003,0.028124999999999976
32,2.4800000000000004,0.016874999999999987
32,2.64,0.014374999999999988
32,2.8,0.007499999999999994
32,2.96,0.002187499999999998
32,3.12,0.0018749999999999984
32,3.2800000000000002,0.0018749999999999984
32,3.4400000000000004,0.0006249999999999995
32,3.6,0.00031249999999999974
32,3.76,0.0
32,3.92,0.0006249999999999995
64,-3.92,0.0
64,-3.76,0.0
64,-3.6,0.00031249999999999974
64,-3.44,0.002187499999999998
64,-3.2800000000000002,0.001249999999999999
64,-3.12,0.003124999999999997
64,-2.96,0.003437499999999997
64,-2.8,0.007812499999999993
64,-2.6399999999999997,0.017187499999999984
64,-2.48,0.02093749999999998
64,-2.3200000000000003,0.029999999999999975
64,-2.16,0.04093749999999997
64,-2.0,0.04906249999999996
64,-1.8399999999999999,0.07624999999999993
64,-1.68,0.09968749999999992
64,-1.52,0.1262499999999999
64,-1.3599999999999999,0.14531249999999987
64,-1.2,0.17906249999999985
64,-1.04,0.2281249999999998
64,-0.8799999999999999,0.2565624999999998
64,-0.72,0.31343749999999976
64,-0.56,0.3309374999999997
64,-0.3999999999999999,0.3796874999999997
64,-0.24,0.3868749999999997
64,-0.08000000000000007,0.39437499999999964
64,0.08000000000000007,0.3981249999999997
64,0.2400000000000002,0.3718749999999997
64,0.40000000000000036,0.38374999999999965
64,0.56,0.3418749999999997
64,0.7199999999999998,0.3203124999999997
64,0.8799999999999999,0.2759374999999998
64,1.04,0.2374999999999998
64,1.2000000000000002,0.19593749999999982
64,1.3600000000000003,0.16124999999999987
64,1.5200000000000005,0.1259374999999999
64,1.6800000000000002,0.09874999999999992
64,1.8399999999999999,0.07624999999999993
64,2.0,0.06374999999999995
64,2.16,0.03562499999999997
64,2.3200000000000003,0.02468749999999998
64,2.4800000000000004,0.017499999999999984
64,2.64,0.01093749999999999
64,2.8,0.008437499999999994
64,2.96,0.004374999999999996
64,3.12,0.001249999999999999
64,3.2800000000000002,0.0015624999999999986
64,3.4400000000000004,0.00031249999999999974
64,3.6,0.0009374999999999992
64,3.76,0.0
64,3.92,0.0
128,-3.92,0.0
128,-3.76,0.0
128,-3.6,0.0009374999999999992
128,-3.44,0.00031249999999999974
128,-3.2800000000000002,0.0006249999999999995
128,-3.12,0.004999999999999996
128,-2.96,0.004999999999999996
128,-2.8,0.008749999999999992
128,-2.6399999999999997,0.014999999999999987
128,-2.48,0.016562499999999987
128,-2.3200000000000003,0.02437499999999998
128,-2.16,0.03593749999999997
128,-2.0,0.05374999999999996
128,-1.8399999999999999,0.07093749999999995
128,-1.68,0.09437499999999992
128,-1.52,0.1178124999999999
128,-1.3599999999999999,0.17687499999999984
128,-1.2,0.19531249999999983
128,-1.04,0.2281249999999998
128,-0.8799999999999999,0.2787499999999998
128,-0.72,0.31218749999999973
128,-0.56,0.3231249999999997
128,-0.3999999999999999,0.37562499999999965
128,-0.24,0.3765624999999997
128,-0.08000000000000007,0.3865624999999997
128,0.08000000000000007,0.40468749999999964
128,0.2400000000000002,0.3874999999999997
128,0.40000000000000036,0.3634374999999997
128,0.56,0.3359374999999997
128,0.7199999999999998,0.3071874999999997
128,0.8799999999999999,0.27937499999999976
128,1.04,0.2256249999999998
128,1.2000000000000002,0.20374999999999982
128,1.3600000000000003,0.16093749999999987
128,1.5200000000000005,0.1212499999999999
128,1.6800000000000002,0.1099999999999999
128,1.8399999999999999,0.08124999999999993
128,2.0,0.04906249999999996
128,2.16,0.03781249999999997
128,2.3200000000000003,0.026249999999999978
128,2.4800000000000004,0.017499999999999984
128,2.64,0.01343749999999999
128,2.8,0.007499999999999994
128,2.96,0.004687499999999996
128,3.12,0.0028124999999999977
128,3.2800000000000002,0.003124999999999997
128,3.4400000000000004,0.002187499999999998
128,3.6,0.0009374999999999992
128,3.76,0.0
128,3.92,0.00031249999999999974
256,-3.92,0.00031249999999999974
256,-3.76,0.0
256,-3.6,0.0009374999999999992
256,-3.44,0.0009374999999999992
256,-3.2800000000000002,0.001249999999999999
256,-3.12,0.004062499999999997
256,-2.96,0.004374999999999996
256,-2.8,0.008437499999999994
256,-2.6399999999999997,0.01187499999999999
256,-2.48,0.017187499999999984
256,-2.3200000000000003,0.025937499999999978
256,-2.16,0.04187499999999996
256,-2.0,0.05906249999999995
256,-1.8399999999999999,0.06624999999999995
256,-1.68,0.08281249999999993
256,-1.52,0.1312499999999999
256,-1.3599999999999999,0.16718749999999985
256,-1.2,0.20312499999999983
256,-1.04,0.2331249999999998
256,-0.8799999999999999,0.2809374999999998
256,-0.72,0.30343749999999975
256,-0.56,0.3384374999999997
256,-0.3999999999999999,0.3865624999999997
256,-0.24,0.3874999999999997
256,-0.08000000000000007,0.39374999999999966
256,0.08000000000000007,0.39999999999999963
256,0.2400000000000002,0.38062499999999966
256,0.40000000000000036,0.36749999999999966
256,0.56,0.3453124999999997
256,0.7199999999999998,0.29093749999999974
256,0.8799999999999999,0.2706249999999998
256,1.04,0.2278124999999998
256,1.2000000000000002,0.19218749999999984
256,1.3600000000000003,0.14656249999999987
256,1.5200000000000005,0.1228124999999999
256,1.6800000000000002,0.10343749999999992
256,1.8399999999999999,0.06562499999999995
256,2.0,0.05906249999999995
256,2.16,0.038749999999999965
256,2.3200000000000003,0.028124999999999976
256,2.4800000000000004,0.020624999999999984
256,2.64,0.015312499999999988
256,2.8,0.008124999999999993
256,2.96,0.004687499999999996
256,3.12,0.003124999999999997
256,3.2800000000000002,0.003749999999999997
256,3.4400000000000004,0.0015624999999999986
256,3.6,0.001249999999999999
256,3.76,0.00031249999999999974
256,3.92,0.00031249999999999974
512,-3.92,0.0009374999999999992
512,-3.76,0.0
512,-3.6,0.0009374999999999992
512,-3.44,0.0015624999999999986
512,-3.2800000000000002,0.0009374999999999992
512,-3.12,0.0018749999999999984
512,-2.96,0.004687499999999996
512,-2.8,0.007812499999999993
512,-2.6399999999999997,0.009687499999999991
512,-2.48,0.019374999999999983
512,-2.3200000000000003,0.028749999999999977
512,-2.16,0.039374999999999966
512,-2.0,0.05812499999999995
512,-1.8399999999999999,0.07531249999999994
512,-1.68,0.09937499999999992
512,-1.52,0.12156249999999989
512,-1.3599999999999999,0.16218749999999987
512,-1.2,0.18562499999999985
512,-1.04,0.2303124999999998
512,-0.8799999999999999,0.2703124999999998
512,-0.72,0.3131249999999997
512,-0.56,0.3518749999999997
512,-0.3999999999999999,0.3596874999999997
512,-0.24,0.37281249999999966
512,-0.08000000000000007,0.39374999999999966
512,0.08000000000000007,0.39406249999999965
512,0.2400000000000002,0.40374999999999966
512,0.40000000000000036,0.39562499999999967
512,0.56,0.3412499999999997
512,0.7199999999999998,0.31343749999999976
512,0.8799999999999999,0.26437499999999975
512,1.04,0.22062499999999982
512,1.2000000000000002,0.19374999999999984
512,1.3600000000000003,0.15937499999999988
512,1.5200000000000005,0.12156249999999989
512,1.6800000000000002,0.09593749999999991
512,1.8399999999999999,0.06812499999999994
512,2.0,0.050312499999999954
512,2.16,0.03781249999999997
512,2.3200000000000003,0.025312499999999977
512,2.4800000000000004,0.018749999999999985
512,2.64,0.01343749999999999
512,2.8,0.010312499999999992
512,2.96,0.004062499999999997
512,3.12,0.003437499999999997
512,3.2800000000000002,0.002187499999999998
512,3.4400000000000004,0.0009374999999999992
512,3.6,0.0006249999999999995
512,3.76,0.0006249999999999995
512,3.92,0.00031249999999999974
1024,-3.92,0.0
1024,-3.76,0.0009374999999999992
1024,-3.6,0.00031249999999999974
1024,-3.44,0.002187499999999998
1024,-3.2800000000000002,0.0028124999999999977
1024,-3.12,0.003749999999999997
1024,-2.96,0.005937499999999995
1024,-2.8,0.006874999999999994
1024,-2.6399999999999997,0.01062499999999999
1024,-2.48,0.020624999999999984
1024,-2.3200000000000003,0.02156249999999998
1024,-2.16,0.038437499999999965
1024,-2.0,0.05999999999999995
1024,-1.8399999999999999,0.07937499999999993
1024,-1.68,0.10156249999999992
1024,-1.52,0.1246874999999999
1024,-1.3599999999999999,0.16281249999999986
1024,-1.2,0.20031249999999984
1024,-1.04,0.2303124999999998
1024,-0.8799999999999999,0.2515624999999998
1024,-0.72,0.3240624999999997
1024,-0.56,0.3440624999999997
1024,-0.3999999999999999,0.3637499999999997
1024,-0.24,0.3771874999999997
1024,-0.08000000000000007,0.3874999999999997
1024,0.08000000000000007,0.3874999999999997
1024,0.2400000000000002,0.3949999999999997
1024,0.40000000000000036,0.37281249999999966
1024,0.56,0.3712499999999997
1024,0.7199999999999998,0.29374999999999973
1024,0.8799999999999999,0.2678124999999998
1024,1.04,0.2274999999999998
1024,1.2000000000000002,0.18812499999999985
1024,1.3600000000000003,0.15656249999999985
1024,1.5200000000000005,0.1268749999999999
1024,1.6800000000000002,0.10249999999999991
1024,1.8399999999999999,0.07406249999999993
1024,2.0,0.05687499999999995
1024,2.16,0.030312499999999975
1024,2.3200000000000003,0.024999999999999977
1024,2.4800000000000004,0.019687499999999983
1024,2.64,0.012499999999999989
1024,2.8,0.008437499999999994
1024,2.96,0.004374999999999996
1024,3.12,0.003749999999999997
1024,3.2800000000000002,0.001249999999999999
1024,3.4400000000000004,0.0018749999999999984
1024,3.6,0.00031249999999999974
1024,3.76,0.00031249999999999974
1024,3.92,0.0
