n,k,j,lo,hi,hit,mid,half_width,p_hit
1,0,0,0.0,1.0,1,0.5,0.5,1.0
2,1,0,0.0,0.5,1,0.25,0.25,0.5
3,1,1,0.5,1.0,0,0.75,0.25,0.5
4,2,0,0.0,0.25,0,0.125,0.125,0.25
5,2,1,0.25,0.5,1,0.375,0.125,0.25
6,2,2,0.5,0.75,0,0.625,0.125,0.25
7,2,3,0.75,1.0,0,0.875,0.125,0.25
8,3,0,0.0,0.125,0,0.0625,0.0625,0.125
9,3,1,0.125,0.25,0,0.1875,0.0625,0.125
10,3,2,0.25,0.375,1,0.3125,0.0625,0.125
11,3,3,0.375,0.5,0,0.4375,0.0625,0.125
12,3,4,0.5,0.625,0,0.5625,0.0625,0.125
13,3,5,0.625,0.75,0,0.6875,0.0625,0.125
14,3,6,0.75,0.875,0,0.8125,0.0625,0.125
15,3,7,0.875,1.0,0,0.9375,0.0625,0.125
16,4,0,0.0,0.0625,0,0.03125,0.03125,0.0625
17,4,1,0.0625,0.125,0,0.09375,0.03125,0.0625
18,4,2,0.125,0.1875,0,0.15625,0.03125,0.0625
19,4,3,0.1875,0.25,0,0.21875,0.03125,0.0625
20,4,4,0.25,0.3125,0,0.28125,0.03125,0.0625
21,4,5,0.3125,0.375,1,0.34375,0.03125,0.0625
22,4,6,0.375,0.4375,0,0.40625,0.03125,0.0625
23,4,7,0.4375,0.5,0,0.46875,0.03125,0.0625
24,4,8,0.5,0.5625,0,0.53125,0.03125,0.0625
25,4,9,0.5625,0.625,0,0.59375,0.03125,0.0625
26,4,10,0.625,0.6875,0,0.65625,0.03125,0.0625
27,4,11,0.6875,0.75,0,0.71875,0.03125,0.0625
28,4,12,0.75,0.8125,0,0.78125,0.03125,0.0625
29,4,13,0.8125,0.875,0,0.84375,0.03125,0.0625
30,4,14,0.875,0.9375,0,0.90625,0.03125,0.0625
31,4,15,0.9375,1.0,0,0.96875,0.03125,0.0625
32,5,0,0.0,0.03125,0,0.015625,0.015625,0.03125
33,5,1,0.03125,0.0625,0,0.046875,0.015625,0.03125
34,5,2,0.0625,0.09375,0,0.078125,0.015625,0.03125
35,5,3,0.09375,0.125,0,0.109375,0.015625,0.03125
36,5,4,0.125,0.15625,0,0.140625,0.015625,0.03125
37,5,5,0.15625,0.1875,0,0.171875,0.015625,0.03125
38,5,6,0.1875,0.21875,0,0.203125,0.015625,0.03125
39,5,7,0.21875,0.25,0,0.234375,0.015625,0.03125
40,5,8,0.25,0.28125,0,0.265625,0.015625,0.03125
41,5,9,0.28125,0.3125,0,0.296875,0.015625,0.03125
42,5,10,0.3125,0.34375,0,0.328125,0.015625,0.03125
43,5,11,0.34375,0.375,1,0.359375,0.015625,0.03125
44,5,12,0.375,0.40625,0,0.390625,0.015625,0.03125
45,5,13,0.40625,0.4375,0,0.421875,0.015625,0.03125
46,5,14,0.4375,0.46875,0,0.453125,0.015625,0.03125
47,5,15,0.46875,0.5,0,0.484375,0.015625,0.03125
48,5,16,0.5,0.53125,0,0.515625,0.015625,0.03125
49,5,17,0.53125,0.5625,0,0.546875,0.015625,0.03125
50,5,18,0.5625,0.59375,0,0.578125,0.015625,0.03125
51,5,19,0.59375,0.625,0,0.609375,0.015625,0.03125
52,5,20,0.625,0.65625,0,0.640625,0.015625,0.03125
53,5,21,0.65625,0.6875,0,0.671875,0.015625,0.03125
54,5,22,0.6875,0.71875,0,0.703125,0.015625,0.03125
55,5,23,0.71875,0.75,0,0.734375,0.015625,0.03125
56,5,24,0.75,0.78125,0,0.765625,0.015625,0.03125
57,5,25,0.78125,0.8125,0,0.796875,0.015625,0.03125
58,5,26,0.8125,0.84375,0,0.828125,0.015625,0.03125
59,5,27,0.84375,0.875,0,0.859375,0.015625,0.03125
60,5,28,0.875,0.90625,0,0.890625,0.015625,0.03125
61,5,29,0.90625,0.9375,0,0.921875,0.015625,0.03125
62,5,30,0.9375,0.96875,0,0.953125,0.015625,0.03125
63,5,31,0.96875,1.0,0,0.984375,0.015625,0.03125
64,6,0,0.0,0.015625,0,0.0078125,0.0078125,0.015625
65,6,1,0.015625,0.03125,0,0.0234375,0.0078125,0.015625
66,6,2,0.03125,0.046875,0,0.0390625,0.0078125,0.015625
67,6,3,0.046875,0.0625,0,0.0546875,0.0078125,0.015625
68,6,4,0.0625,0.078125,0,0.0703125,0.0078125,0.015625
69,6,5,0.078125,0.09375,0,0.0859375,0.0078125,0.015625
70,6,6,0.09375,0.109375,0,0.1015625,0.0078125,0.015625
71,6,7,0.109375,0.125,0,0.1171875,0.0078125,0.015625
72,6,8,0.125,0.140625,0,0.1328125,0.0078125,0.015625
73,6,9,0.140625,0.15625,0,0.1484375,0.0078125,0.015625
74,6,10,0.15625,0.171875,0,0.1640625,0.0078125,0.015625
75,6,11,0.171875,0.1875,0,0.1796875,0.0078125,0.015625
76,6,12,0.1875,0.203125,0,0.1953125,0.0078125,0.015625
77,6,13,0.203125,0.21875,0,0.2109375,0.0078125,0.015625
78,6,14,0.21875,0.234375,0,0.2265625,0.0078125,0.015625
79,6,15,0.234375,0.25,0,0.2421875,0.0078125,0.015625
80,6,16,0.25,0.265625,0,0.2578125,0.0078125,0.015625
81,6,17,0.265625,0.28125,0,0.2734375,0.0078125,0.015625
82,6,18,0.28125,0.296875,0,0.2890625,0.0078125,0.015625
83,6,19,0.296875,0.3125,0,0.3046875,0.0078125,0.015625
84,6,20,0.3125,0.328125,0,0.3203125,0.0078125,0.015625
85,6,21,0.328125,0.34375,0,0.3359375,0.0078125,0.015625
86,6,22,0.34375,0.359375,0,0.3515625,0.0078125,0.015625
87,6,23,0.359375,0.375,1,0.3671875,0.0078125,0.015625
88,6,24,0.375,0.390625,0,0.3828125,0.0078125,0.015625
89,6,25,0.390625,0.40625,0,0.3984375,0.0078125,0.015625
90,6,26,0.40625,0.421875,0,0.4140625,0.0078125,0.015625
91,6,27,0.421875,0.4375,0,0.4296875,0.0078125,0.015625
92,6,28,0.4375,0.453125,0,0.4453125,0.0078125,0.015625
93,6,29,0.453125,0.46875,0,0.4609375,0.0078125,0.015625
94,6,30,0.46875,0.484375,0,0.4765625,0.0078125,0.015625
95,6,31,0.484375,0.5,0,0.4921875,0.0078125,0.015625
96,6,32,0.5,0.515625,0,0.5078125,0.0078125,0.015625
97,6,33,0.515625,0.53125,0,0.5234375,0.0078125,0.015625
98,6,34,0.53125,0.546875,0,0.5390625,0.0078125,0.015625
99,6,35,0.546875,0.5625,0,0.5546875,0.0078125,0.015625
100,6,36,0.5625,0.578125,0,0.5703125,0.0078125,0.015625
101,6,37,0.578125,0.59375,0,0.5859375,0.0078125,0.015625
102,6,38,0.59375,0.609375,0,0.6015625,0.0078125,0.015625
103,6,39,0.609375,0.625,0,0.6171875,0.0078125,0.015625
104,6,40,0.625,0.640625,0,0.6328125,0.0078125,0.015625
105,6,41,0.640625,0.65625,0,0.6484375,0.0078125,0.015625
106,6,42,0.65625,0.671875,0,0.6640625,0.0078125,0.015625
107,6,43,0.671875,0.6875,0,0.6796875,0.0078125,0.015625
108,6,44,0.6875,0.703125,0,0.6953125,0.0078125,0.015625
109,6,45,0.703125,0.71875,0,0.7109375,0.0078125,0.015625
110,6,46,0.71875,0.734375,0,0.7265625,0.0078125,0.015625
111,6,47,0.734375,0.75,0,0.7421875,0.0078125,0.015625
112,6,48,0.75,0.765625,0,0.7578125,0.0078125,0.015625
113,6,49,0.765625,0.78125,0,0.7734375,0.0078125,0.015625
114,6,50,0.78125,0.796875,0,0.7890625,0.0078125,0.015625
115,6,51,0.796875,0.8125,0,0.8046875,0.0078125,0.015625
116,6,52,0.8125,0.828125,0,0.8203125,0.0078125,0.015625
117,6,53,0.828125,0.84375,0,0.8359375,0.0078125,0.015625
118,6,54,0.84375,0.859375,0,0.8515625,0.0078125,0.015625
119,6,55,0.859375,0.875,0,0.8671875,0.0078125,0.015625
120,6,56,0.875,0.890625,0,0.8828125,0.0078125,0.015625
121,6,57,0.890625,0.90625,0,0.8984375,0.0078125,0.015625
122,6,58,0.90625,0.921875,0,0.9140625,0.0078125,0.015625
123,6,59,0.921875,0.9375,0,0.9296875,0.0078125,0.015625
124,6,60,0.9375,0.953125,0,0.9453125,0.0078125,0.015625
125,6,61,0.953125,0.96875,0,0.9609375,0.0078125,0.015625
126,6,62,0.96875,0.984375,0,0.9765625,0.0078125,0.015625
127,6,63,0.984375,1.0,0,0.9921875,0.0078125,0.015625
128,7,0,0.0,0.0078125,0,0.00390625,0.00390625,0.0078125
129,7,1,0.0078125,0.015625,0,0.01171875,0.00390625,0.0078125
130,7,2,0.015625,0.0234375,0,0.01953125,0.00390625,0.0078125
131,7,3,0.0234375,0.03125,0,0.02734375,0.00390625,0.0078125
132,7,4,0.03125,0.0390625,0,0.03515625,0.00390625,0.0078125
133,7,5,0.0390625,0.046875,0,0.04296875,0.00390625,0.0078125
134,7,6,0.046875,0.0546875,0,0.05078125,0.00390625,0.0078125
135,7,7,0.0546875,0.0625,0,0.05859375,0.00390625,0.0078125
136,7,8,0.0625,0.0703125,0,0.06640625,0.00390625,0.0078125
137,7,9,0.0703125,0.078125,0,0.07421875,0.00390625,0.0078125
138,7,10,0.078125,0.0859375,0,0.08203125,0.00390625,0.0078125
139,7,11,0.0859375,0.09375,0,0.08984375,0.00390625,0.0078125
140,7,12,0.09375,0.1015625,0,0.09765625,0.00390625,0.0078125
141,7,13,0.1015625,0.109375,0,0.10546875,0.00390625,0.0078125
142,7,14,0.109375,0.1171875,0,0.11328125,0.00390625,0.0078125
143,7,15,0.1171875,0.125,0,0.12109375,0.00390625,0.0078125
144,7,16,0.125,0.1328125,0,0.12890625,0.00390625,0.0078125
145,7,17,0.1328125,0.140625,0,0.13671875,0.00390625,0.0078125
146,7,18,0.140625,0.1484375,0,0.14453125,0.00390625,0.0078125
147,7,19,0.1484375,0.15625,0,0.15234375,0.00390625,0.0078125
148,7,20,0.15625,0.1640625,0,0.16015625,0.00390625,0.0078125
149,7,21,0.1640625,0.171875,0,0.16796875,0.00390625,0.0078125
150,7,22,0.171875,0.1796875,0,0.17578125,0.00390625,0.0078125
151,7,23,0.1796875,0.1875,0,0.18359375,0.00390625,0.0078125
152,7,24,0.1875,0.1953125,0,0.19140625,0.00390625,0.0078125
153,7,25,0.1953125,0.203125,0,0.19921875,0.00390625,0.0078125
154,7,26,0.203125,0.2109375,0,0.20703125,0.00390625,0.0078125
155,7,27,0.2109375,0.21875,0,0.21484375,0.00390625,0.0078125
156,7,28,0.21875,0.2265625,0,0.22265625,0.00390625,0.0078125
157,7,29,0.2265625,0.234375,0,0.23046875,0.00390625,0.0078125
158,7,30,0.234375,0.2421875,0,0.23828125,0.00390625,0.0078125
159,7,31,0.2421875,0.25,0,0.24609375,0.00390625,0.0078125
160,7,32,0.25,0.2578125,0,0.25390625,0.00390625,0.0078125
161,7,33,0.2578125,0.265625,0,0.26171875,0.00390625,0.0078125
162,7,34,0.265625,0.2734375,0,0.26953125,0.00390625,0.0078125
163,7,35,0.2734375,0.28125,0,0.27734375,0.00390625,0.0078125
164,7,36,0.28125,0.2890625,0,0.28515625,0.00390625,0.0078125
165,7,37,0.2890625,0.296875,0,0.29296875,0.00390625,0.0078125
166,7,38,0.296875,0.3046875,0,0.30078125,0.00390625,0.0078125
167,7,39,0.3046875,0.3125,0,0.30859375,0.00390625,0.0078125
168,7,40,0.3125,0.3203125,0,0.31640625,0.00390625,0.0078125
169,7,41,0.3203125,0.328125,0,0.32421875,0.00390625,0.0078125
170,7,42,0.328125,0.3359375,0,0.33203125,0.00390625,0.0078125
171,7,43,0.3359375,0.34375,0,0.33984375,0.00390625,0.0078125
172,7,44,0.34375,0.3515625,0,0.34765625,0.00390625,0.0078125
173,7,45,0.3515625,0.359375,0,0.35546875,0.00390625,0.0078125
174,7,46,0.359375,0.3671875,0,0.36328125,0.00390625,0.0078125
175,7,47,0.3671875,0.375,1,0.37109375,0.00390625,0.0078125
176,7,48,0.375,0.3828125,0,0.37890625,0.00390625,0.0078125
177,7,49,0.3828125,0.390625,0,0.38671875,0.00390625,0.0078125
178,7,50,0.390625,0.3984375,0,0.39453125,0.00390625,0.0078125
179,7,51,0.3984375,0.40625,0,0.40234375,0.00390625,0.0078125
180,7,52,0.40625,0.4140625,0,0.41015625,0.00390625,0.0078125
181,7,53,0.4140625,0.421875,0,0.41796875,0.00390625,0.0078125
182,7,54,0.421875,0.4296875,0,0.42578125,0.00390625,0.0078125
183,7,55,0.4296875,0.4375,0,0.43359375,0.00390625,0.0078125
184,7,56,0.4375,0.4453125,0,0.44140625,0.00390625,0.0078125
185,7,57,0.4453125,0.453125,0,0.44921875,0.00390625,0.0078125
186,7,58,0.453125,0.4609375,0,0.45703125,0.00390625,0.0078125
187,7,59,0.4609375,0.46875,0,0.46484375,0.00390625,0.0078125
188,7,60,0.46875,0.4765625,0,0.47265625,0.00390625,0.0078125
189,7,61,0.4765625,0.484375,0,0.48046875,0.00390625,0.0078125
190,7,62,0.484375,0.4921875,0,0.48828125,0.00390625,0.0078125
191,7,63,0.4921875,0.5,0,0.49609375,0.00390625,0.0078125
192,7,64,0.5,0.5078125,0,0.50390625,0.00390625,0.0078125
193,7,65,0.5078125,0.515625,0,0.51171875,0.00390625,0.0078125
194,7,66,0.515625,0.5234375,0,0.51953125,0.00390625,0.0078125
195,7,67,0.5234375,0.53125,0,0.52734375,0.00390625,0.0078125
196,7,68,0.53125,0.5390625,0,0.53515625,0.00390625,0.0078125
197,7,69,0.5390625,0.546875,0,0.54296875,0.00390625,0.0078125
198,7,70,0.546875,0.5546875,0,0.55078125,0.00390625,0.0078125
199,7,71,0.5546875,0.5625,0,0.55859375,0.00390625,0.0078125
200,7,72,0.5625,0.5703125,0,0.56640625,0.00390625,0.0078125
201,7,73,0.5703125,0.578125,0,0.57421875,0.00390625,0.0078125
202,7,74,0.578125,0.5859375,0,0.58203125,0.00390625,0.0078125
203,7,75,0.5859375,0.59375,0,0.58984375,0.00390625,0.0078125
204,7,76,0.59375,0.6015625,0,0.59765625,0.00390625,0.0078125
205,7,77,0.6015625,0.609375,0,0.60546875,0.00390625,0.0078125
206,7,78,0.609375,0.6171875,0,0.61328125,0.00390625,0.0078125
207,7,79,0.6171875,0.625,0,0.62109375,0.00390625,0.0078125
208,7,80,0.625,0.6328125,0,0.62890625,0.00390625,0.0078125
209,7,81,0.6328125,0.640625,0,0.63671875,0.00390625,0.0078125
210,7,82,0.640625,0.6484375,0,0.64453125,0.00390625,0.0078125
211,7,83,0.6484375,0.65625,0,0.65234375,0.00390625,0.0078125
212,7,84,0.65625,0.6640625,0,0.66015625,0.00390625,0.0078125
213,7,85,0.6640625,0.671875,0,0.66796875,0.00390625,0.0078125
214,7,86,0.671875,0.6796875,0,0.67578125,0.00390625,0.0078125
215,7,87,0.6796875,0.6875,0,0.68359375,0.00390625,0.0078125
216,7,88,0.6875,0.6953125,0,0.69140625,0.00390625,0.0078125
217,7,89,0.6953125,0.703125,0,0.69921875,0.00390625,0.0078125
218,7,90,0.703125,0.7109375,0,0.70703125,0.00390625,0.0078125
219,7,91,0.7109375,0.71875,0,0.71484375,0.00390625,0.0078125
220,7,92,0.71875,0.7265625,0,0.72265625,0.00390625,0.0078125
221,7,93,0.7265625,0.734375,0,0.73046875,0.00390625,0.0078125
222,7,94,0.734375,0.7421875,0,0.73828125,0.00390625,0.0078125
223,7,95,0.7421875,0.75,0,0.74609375,0.00390625,0.0078125
224,7,96,0.75,0.7578125,0,0.75390625,0.00390625,0.0078125
225,7,97,0.7578125,0.765625,0,0.76171875,0.00390625,0.0078125
226,7,98,0.765625,0.7734375,0,0.76953125,0.00390625,0.0078125
227,7,99,0.7734375,0.78125,0,0.77734375,0.00390625,0.0078125
228,7,100,0.78125,0.7890625,0,0.78515625,0.00390625,0.0078125
229,7,101,0.7890625,0.796875,0,0.79296875,0.00390625,0.0078125
230,7,102,0.796875,0.8046875,0,0.80078125,0.00390625,0.0078125
231,7,103,0.8046875,0.8125,0,0.80859375,0.00390625,0.0078125
232,7,104,0.8125,0.8203125,0,0.81640625,0.00390625,0.0078125
233,7,105,0.8203125,0.828125,0,0.82421875,0.00390625,0.0078125
234,7,106,0.828125,0.8359375,0,0.83203125,0.00390625,0.0078125
235,7,107,0.8359375,0.84375,0,0.83984375,0.00390625,0.0078125
236,7,108,0.84375,0.8515625,0,0.84765625,0.00390625,0.0078125
237,7,109,0.8515625,0.859375,0,0.85546875,0.00390625,0.0078125
238,7,110,0.859375,0.8671875,0,0.86328125,0.00390625,0.0078125
239,7,111,0.8671875,0.875,0,0.87109375,0.00390625,0.0078125
240,7,112,0.875,0.8828125,0,0.87890625,0.00390625,0.0078125
241,7,113,0.8828125,0.890625,0,0.88671875,0.00390625,0.0078125
242,7,114,0.890625,0.8984375,0,0.89453125,0.00390625,0.0078125
243,7,115,0.8984375,0.90625,0,0.90234375,0.00390625,0.0078125
244,7,116,0.90625,0.9140625,0,0.91015625,0.00390625,0.0078125
245,7,117,0.9140625,0.921875,0,0.91796875,0.00390625,0.0078125
246,7,118,0.921875,0.9296875,0,0.92578125,0.00390625,0.0078125
247,7,119,0.9296875,0.9375,0,0.93359375,0.00390625,0.0078125
248,7,120,0.9375,0.9453125,0,0.94140625,0.00390625,0.0078125
249,7,121,0.9453125,0.953125,0,0.94921875,0.00390625,0.0078125
250,7,122,0.953125,0.9609375,0,0.95703125,0.00390625,0.0078125
251,7,123,0.9609375,0.96875,0,0.96484375,0.00390625,0.0078125
252,7,124,0.96875,0.9765625,0,0.97265625,0.00390625,0.0078125
253,7,125,0.9765625,0.984375,0,0.98046875,0.00390625,0.0078125
254,7,126,0.984375,0.9921875,0,0.98828125,0.00390625,0.0078125
255,7,127,0.9921875,1.0,0,0.99609375,0.00390625,0.0078125
