t,mean,sd,band
0.0,0.0,0.0,0.0
0.002,-0.005285923810965252,0.04626742650268596,0.044721359549995794
0.004,-0.006460131821938958,0.06503769460361684,0.06324555320336758
0.006,-0.015127248725992642,0.08311962697816244,0.07745966692414834
0.008,-0.014029944603275118,0.10332137174839227,0.08944271909999159
0.01,-0.00800615498435413,0.11729929021624101,0.1
0.012,-0.015911967116726544,0.12690025141036876,0.10954451150103323
0.014,-0.01890862939911742,0.13994849784252045,0.11832159566199232
0.016,-0.019931011377984763,0.13904526140181087,0.12649110640673517
0.018000000000000002,-0.026711573012440055,0.14463396776261891,0.1341640786499874
0.02,-0.020583213258241247,0.15434829279863232,0.1414213562373095
0.022,-0.02265831017923915,0.16277523424933446,0.14832396974191325
0.024,-0.027119242856912487,0.1731306967300755,0.15491933384829668
0.026000000000000002,-0.03461026913397411,0.1766796354802811,0.161245154965971
0.028,-0.04001996454730568,0.17675557868103486,0.1673320053068151
0.03,-0.04225451937290136,0.1820275944913765,0.17320508075688773
0.032,-0.04184523519653187,0.19048037388738304,0.17888543819998318
0.034,-0.042675947672967354,0.19325747228666948,0.18439088914585774
0.036000000000000004,-0.0443037887301364,0.19419498835413365,0.18973665961010278
0.038,-0.03690282539120752,0.20360886996368524,0.19493588689617927
0.04,-0.03960067097188786,0.21126123109906936,0.2
0.042,-0.0405354960452031,0.21902781775901778,0.20493901531919198
0.044,-0.04563914954800809,0.2263734188136237,0.20976176963403032
0.046,-0.036634845660750794,0.23668182227105405,0.21447610589527216
0.048,-0.03850669777696549,0.250116925670474,0.21908902300206645
0.05,-0.031411112242658704,0.24954038053703054,0.22360679774997896
0.052000000000000005,-0.03800935799054384,0.24675727969139835,0.2280350850198276
0.054,-0.02472146763420168,0.24591528706789686,0.232379000772445
0.056,-0.02607362276960499,0.25158412568094013,0.23664319132398465
0.058,-0.033693795530986885,0.25769263880131943,0.24083189157584592
0.06,-0.027464648333984563,0.25584795255866555,0.2449489742783178
0.062,-0.022009776972838443,0.25826623511657476,0.24899799195977465
0.064,-0.00960012666432917,0.2693705420866477,0.25298221281347033
0.066,-0.00600699420392111,0.2756136968302835,0.2569046515733026
0.068,-4.484129280597262e-05,0.27560739772860166,0.260768096208106
0.07,-0.005356876112613213,0.2720495327250655,0.2645751311064591
0.07200000000000001,-0.0073859070827565175,0.2759910750333537,0.2683281572999748
0.074,-0.011052096516395124,0.28204718625454084,0.2720294101747089
0.076,-0.007469829258826268,0.29040613025694667,0.27568097504180444
0.078,0.0005083075333799661,0.29594430705812913,0.2792848008753788
0.08,-0.003930393384117559,0.30436647947328865,0.282842712474619
0.082,-0.006456077604005291,0.3044547707975998,0.2863564212655271
0.084,0.001011703889712253,0.3021789824188332,0.28982753492378877
0.08600000000000001,0.005410480904253088,0.3045236650369592,0.2932575659723036
0.088,0.009453286995887267,0.29776400846213114,0.2966479394838265
0.09,0.011444763615417759,0.3025144426519056,0.3
0.092,0.0036339822985234907,0.3099112181454703,0.30331501776206204
0.094,0.001955138938907219,0.30703495995598945,0.3065941943351178
0.096,0.0010393942951512603,0.31892889518992285,0.30983866769659335
0.098,0.0079380822272985,0.32092196226846703,0.31304951684997057
0.1,0.012743062290604587,0.3410463992053939,0.31622776601683794
0.10200000000000001,0.015169035929044316,0.3392083853537005,0.31937438845342625
0.10400000000000001,0.012573806948032342,0.3522683685993485,0.322490309931942
0.106,0.017981436235872287,0.35230759003303597,0.3255764119219941
0.108,0.009049599227555216,0.35277927596716063,0.3286335345030997
0.11,0.01943601658556336,0.36653840046320274,0.33166247903553997
0.112,0.01993472360589723,0.36281762817294705,0.3346640106136302
0.114,0.028225333963934472,0.37586988159971335,0.33763886032268264
0.116,0.02016727382586263,0.3797003312888124,0.34058772731852804
0.11800000000000001,0.01776074513234488,0.3864224218224805,0.3435112807463534
0.12,0.01827123923728041,0.4026051227363822,0.34641016151377546
0.122,0.01499492864349499,0.41418757126528427,0.3492849839314596
0.124,0.010567312029692825,0.40928625914915406,0.35213633723318016
0.126,0.013962002326583216,0.41322009258362885,0.35496478698597694
0.128,0.005588341114032429,0.4173131338156975,0.35777087639996635
0.13,0.002866758634821515,0.418771226853095,0.36055512754639896
0.132,0.0041642515099254195,0.4267764665757215,0.363318042491699
0.134,0.012516045932575182,0.4212170581282854,0.36606010435446257
0.136,0.013910017887027207,0.42771871787887505,0.3687817782917155
0.138,0.021069402737252,0.4291070627521007,0.3714835124201342
0.14,0.031561528088510885,0.4286022101197777,0.37416573867739417
0.14200000000000002,0.027159121900445907,0.4358044057791125,0.37682887362833545
0.14400000000000002,0.023048078338935827,0.4424030590413284,0.37947331922020555
0.146,0.022868265436090832,0.4539276592601348,0.382099463490856
0.148,0.0293405765393663,0.44913235961783027,0.3847076812334269
0.15,0.022909246432431963,0.4635000814731379,0.3872983346207417
0.152,0.013921818244131667,0.473168324980502,0.38987177379235854
0.154,0.014097838146318249,0.477373005988803,0.3924283374069717
0.156,0.016209801465401026,0.48077814274012975,0.39496835316262996
0.158,0.013241582615848898,0.4799745961576615,0.39749213828703583
0.16,0.008306191100702194,0.48778063008000483,0.4
0.162,0.013909000555394272,0.487835012791914,0.40249223594996214
0.164,0.005728700537295356,0.4995571039243131,0.4049691346263318
0.166,0.00021956226208300853,0.49262911795016506,0.4074309757492673
0.168,-0.0036794574467627164,0.49980717702786376,0.40987803063838396
0.17,-0.008552703357822745,0.5027591680442527,0.41231056256176607
0.17200000000000001,-0.008706060112028105,0.5010012592471395,0.41472882706655445
0.17400000000000002,-0.005883244481671566,0.5051596911666432,0.41713307229228425
0.176,-0.010232184671933715,0.5053605283664784,0.41952353926806063
0.178,-0.019669369122344512,0.5085369004820183,0.4219004621945797
0.18,-0.016676713147884423,0.512589769128859,0.4242640687119285
0.182,-0.014963897628100409,0.5178945224152812,0.4266145801540308
0.184,-0.011502708874188583,0.5242603503426845,0.4289522117905443
0.186,-0.01441890545289744,0.5209709631154288,0.4312771730569565
0.188,-0.012037722468232327,0.5274677265976914,0.433589667773576
0.19,-0.020061632374767695,0.5292590371397221,0.43588989435406733
0.192,-0.02055484383302031,0.5309996700088216,0.4381780460041329
0.194,-0.02155242920196462,0.5308137177793283,0.4404543109109048
0.196,-0.015674786043114057,0.5358262977589376,0.4427188724235731
0.198,-0.034399446603883096,0.5373540949752504,0.4449719092257398
0.2,-0.03668889249881415,0.5412990686050507,0.4472135954999579
0.202,-0.037374824788063914,0.5332095687058587,0.44944410108488464
0.20400000000000001,-0.03888378043863291,0.5435231373714672,0.4516635916254486
0.20600000000000002,-0.038698841516981955,0.5358763580817587,0.4538722287164087
0.20800000000000002,-0.03134224340093912,0.5241171688302497,0.4560701700396552
0.21,-0.040959210583228975,0.5294926762705912,0.458257569495584
0.212,-0.04922059337469872,0.5317093034272209,0.4604345773288535
0.214,-0.05143164804387603,0.5406971883805581,0.4626013402488151
0.216,-0.049746247402452634,0.5371908594800163,0.46475800154489
0.218,-0.04577631131704362,0.5479212229818977,0.4669047011971501
0.22,-0.053094423292028736,0.5390065326421067,0.469041575982343
0.222,-0.060308817477518345,0.5415580715678214,0.47116875957558985
0.224,-0.05951988049238049,0.5420309884949199,0.4732863826479693
0.226,-0.05514527461124447,0.5510791414475473,0.4753945729601885
0.228,-0.04767142584826851,0.5544178578223647,0.4774934554525329
0.23,-0.042124608695245105,0.5581009108039147,0.47958315233127197
0.232,-0.04094957737568613,0.5575660553362685,0.48166378315169184
0.234,-0.045878256394293035,0.55580690871752,0.48373546489791297
0.23600000000000002,-0.04848061230290813,0.5601382294556285,0.4857983120596448
0.23800000000000002,-0.05118641930817373,0.5552345516020362,0.48785243670601874
0.24,-0.05709551358418253,0.5510473553496684,0.4898979485566356
0.242,-0.06597593814311672,0.5603411164720005,0.4919349550499537
0.244,-0.05896355032766005,0.5586143925969127,0.4939635614091388
0.246,-0.052649895155566825,0.5545278786734966,0.49598387070548977
0.248,-0.06380436189174708,0.5634742706364926,0.4979959839195493
0.25,-0.0642908660976972,0.5603668957767183,0.5
0.252,-0.06498014058781862,0.5628678373439814,0.5019960159204453
0.254,-0.06881482780775179,0.5731475780116958,0.5039841267341661
0.256,-0.07314547491603302,0.5848302207071342,0.5059644256269407
0.258,-0.0768556388650102,0.584927454234715,0.5079370039680118
0.26,-0.08079736451952356,0.5827340433566479,0.5099019513592785
0.262,-0.07948542925628638,0.5976213118098971,0.5118593556827891
0.264,-0.07197985808689793,0.596145020744298,0.5138093031466052
0.266,-0.06292806564710603,0.6019898868713444,0.5157518783291051
0.268,-0.07587628223145931,0.6034520834308524,0.5176871642217914
0.27,-0.0680010313697312,0.5973585096792979,0.5196152422706632
0.272,-0.0802784770651436,0.6060535975863527,0.521536192416212
0.274,-0.08626078373220065,0.5911575038074222,0.523450093132096
0.276,-0.09206877952713935,0.5979172896714996,0.5253570214625479
0.278,-0.08389830637657998,0.5985828028195117,0.5272570530585627
0.28,-0.08179770780936738,0.5953302864298152,0.5291502622129182
0.28200000000000003,-0.0832366154289998,0.5913428551970589,0.5310367218940701
0.28400000000000003,-0.0689641865936065,0.5891496974990409,0.5329165037789692
0.28600000000000003,-0.0716195547051072,0.5980949146960722,0.5347896782848376
0.28800000000000003,-0.0695075278031483,0.6081677612993062,0.5366563145999496
0.29,-0.06893086310045175,0.608054721766226,0.5385164807134504
0.292,-0.06239234091928316,0.6188622228005851,0.5403702434442518
0.294,-0.05718993800077219,0.6155031493145942,0.5422176684690383
0.296,-0.06050576961155722,0.6211423977096364,0.5440588203494178
0.298,-0.06043859449835432,0.6210469952685059,0.5458937625582472
0.3,-0.06972076777946337,0.6243285078753261,0.5477225575051661
0.302,-0.06737905970483328,0.633032720867222,0.5495452665613635
0.304,-0.06536949992126244,0.6309527843295544,0.5513619500836089
0.306,-0.06875085902272003,0.6359429350901974,0.5531726674375732
0.308,-0.07366687811252884,0.6339305247029311,0.5549774770204643
0.31,-0.07526352865695266,0.6427267741405951,0.5567764362830022
0.312,-0.06823573131528883,0.6431614733066534,0.5585696017507576
0.314,-0.07105829227628627,0.6545998823661386,0.5603570290448759
0.316,-0.07695193566827598,0.6441738978608572,0.5621387729022078
0.318,-0.07865794729754587,0.6522583113032229,0.5639148871948674
0.32,-0.08065806570393023,0.6552893388055993,0.565685424949238
0.322,-0.08842473613248941,0.6613143281556192,0.5674504383644443
0.324,-0.08554898966056843,0.6597886369123603,0.5692099788303083
0.326,-0.08077315393779909,0.6674090941730162,0.5709640969448079
0.328,-0.07586420091395936,0.6706561249849948,0.5727128425310541
0.33,-0.07799915177015611,0.6770970204427125,0.5744562646538028
0.332,-0.07998629985719105,0.6746513802124613,0.5761944116355173
0.334,-0.07450080980980281,0.6820770889081943,0.5779273310719956
0.336,-0.08474227745502791,0.693937853334386,0.5796550698475775
0.338,-0.08558679365930992,0.6985456060449846,0.5813776741499453
0.34,-0.08865811973545056,0.6952721344842223,0.5830951894845301
0.342,-0.07927600200019858,0.6921366366585617,0.5848076606885378
0.34400000000000003,-0.07107833317576086,0.6924098122010226,0.5865151319446072
0.34600000000000003,-0.07707507934076095,0.691561148026082,0.5882176467941097
0.34800000000000003,-0.07471765238200745,0.6936073565436781,0.5899152481501051
0.35000000000000003,-0.0774899858278768,0.6994726206447555,0.5916079783099616
0.352,-0.078359427825785,0.7100778513191454,0.593295878967653
0.354,-0.07718657729264802,0.7197439430822141,0.5949789912257406
0.356,-0.07440057474631318,0.7269735343381208,0.5966573556070519
0.358,-0.0782433015130959,0.7286738844115047,0.5983310120660636
0.36,-0.08135608746782591,0.7197957339379526,0.6
0.362,-0.08584284536442151,0.7217639585019848,0.6016643582596529
0.364,-0.08206981098264506,0.7241568943270001,0.6033241251599343
0.366,-0.0917854881240589,0.7175962300523826,0.6049793384901669
0.368,-0.09650286383890269,0.7095480930702617,0.6066300355241241
0.37,-0.0947071939082527,0.7084093879965586,0.6082762530298219
0.372,-0.08317254518518431,0.7102570277637004,0.6099180272790763
0.374,-0.07627787887434412,0.7085831428988532,0.6115553940568262
0.376,-0.07680745974409996,0.7209476862811802,0.6131883886702356
0.378,-0.0764603197925932,0.718698086454647,0.6148170459575759
0.38,-0.07314963557997729,0.7179662585225397,0.6164414002968976
0.382,-0.06732690913317405,0.7230566460651968,0.6180614856144977
0.384,-0.05941491352856068,0.7190187858946693,0.6196773353931867
0.386,-0.06098328271556858,0.7206664344999338,0.6212889826803627
0.388,-0.06499811755645907,0.7172200999814706,0.6228964600958975
0.39,-0.0694890524426237,0.7175622665874133,0.6244997998398398
0.392,-0.06787794209360086,0.724551517291737,0.6260990336999411
0.394,-0.07612060726199804,0.7275929338613942,0.6276941930590086
0.396,-0.0831687216131237,0.7225572380917518,0.6292853089020909
0.398,-0.07909298564423009,0.7235914632136852,0.6308724118235002
0.4,-0.08375864960015691,0.7233463951328553,0.6324555320336759
0.402,-0.08627407034949772,0.7190648157027163,0.6340346993658943
0.404,-0.08478949832756504,0.7146050939710674,0.6356099432828282
0.406,-0.08738170146799867,0.7192839583801347,0.6371812928829597
0.40800000000000003,-0.09052871254619527,0.7196889570320543,0.6387487769068525
0.41000000000000003,-0.10667272683606428,0.7259965177912971,0.6403124237432849
0.41200000000000003,-0.10093849924662794,0.7281477950152723,0.6418722614352486
0.41400000000000003,-0.10098573279314764,0.7316121806094413,0.6434283176858165
0.41600000000000004,-0.10452816609609726,0.7322818390563087,0.644980619863884
0.418,-0.10031541817791163,0.7513739279685983,0.6465291950097846
0.42,-0.10681504429038148,0.7514598712973967,0.648074069840786
0.422,-0.10144450588475643,0.754445419583978,0.6496152707564686
0.424,-0.1003982759646241,0.7582976701960386,0.6511528238439882
0.426,-0.09298180989547104,0.7601252498673694,0.6526867548832288
0.428,-0.090693343750267,0.7562363037200481,0.6542170893518451
0.43,-0.09310306904787001,0.750992459462936,0.6557438524302001
0.432,-0.10364394203220474,0.7459503388907859,0.6572670690061994
0.434,-0.10213981236500462,0.7496293664997772,0.6587867636800242
0.436,-0.10057474985689026,0.7398120601800249,0.6603029607687672
0.438,-0.10960343630329028,0.7396542924894287,0.6618156843109719
0.44,-0.11385701878607174,0.7287200179851067,0.6633249580710799
0.442,-0.11347082928330912,0.7237271517342871,0.6648308055437865
0.444,-0.11641822849909965,0.7197688454354313,0.6663332499583072
0.446,-0.11883360197775426,0.7205889869108415,0.66783231428256
0.448,-0.12135752555756031,0.7262855216858044,0.6693280212272604
0.45,-0.12269147492783224,0.7294196512798031,0.6708203932499369
0.452,-0.13434322640870103,0.7372781759876352,0.6723094525588644
0.454,-0.14534734311081793,0.7379975518336951,0.6737952211169207
0.456,-0.15164401358895668,0.7402130042592765,0.6752777206453653
0.458,-0.14663614450380003,0.7436126216926395,0.6767569726275452
0.46,-0.14901794260133422,0.745656455507442,0.6782329983125268
0.462,-0.15443337323912779,0.7441383587105338,0.6797058187186572
0.464,-0.15549906941132371,0.7489487583435398,0.6811754546370561
0.466,-0.15384207299211042,0.7476112460616049,0.6826419266350405
0.468,-0.15787988982491127,0.7441289122339663,0.6841052550594828
0.47000000000000003,-0.14720416286630417,0.7422829973992389,0.6855654600401044
0.47200000000000003,-0.1478366261608584,0.7467804798318901,0.6870225614927068
0.47400000000000003,-0.15489095453693347,0.7485956496312198,0.6884765791223403
0.47600000000000003,-0.1505451640542387,0.753117496595742,0.6899275324264136
0.47800000000000004,-0.15116651685939334,0.7520729160489688,0.6913754406977443
0.48,-0.1454154111379329,0.7515145887202578,0.6928203230275509
0.482,-0.14159917557654192,0.7518371458259645,0.6942621983083913
0.484,-0.14133476387264376,0.756686679953584,0.6957010852370434
0.486,-0.14095334265956694,0.760853003506825,0.697137002317335
0.488,-0.1355437097199827,0.755627503451095,0.6985699678629192
0.49,-0.13846504812783006,0.755165484899903,0.7
0.492,-0.1442900898718402,0.7474138426820519,0.7014271166700072
0.494,-0.15692269559613592,0.7516327915062921,0.7028513356322231
0.496,-0.15628318766817095,0.7538704346036833,0.7042726744663603
0.498,-0.15025567674917123,0.7497309229841904,0.705691150575094
0.5,-0.13706110676570046,0.7606699429203582,0.7071067811865476
0.502,-0.14301629835724822,0.7572600451705372,0.708519583356734
0.504,-0.13397161323368018,0.75733293510837,0.7099295739719539
0.506,-0.1315915430875051,0.7566536783493788,0.7113367697511496
0.508,-0.14393165689845022,0.7536340928461487,0.7127411872482184
0.51,-0.142334833828824,0.7542593587355937,0.714142842854285
0.512,-0.1434941621182305,0.7508844422709392,0.7155417527999327
0.514,-0.1397143825261749,0.7493579673802208,0.7169379331573968
0.516,-0.129978409997841,0.7450681108344205,0.7183313998427189
0.518,-0.1346088348374713,0.7449106875854011,0.7197221686178633
0.52,-0.14089606215942319,0.7396526589444273,0.7211102550927979
0.522,-0.13758869779032748,0.7511446795943068,0.7224956747275377
0.524,-0.14266216789322883,0.7507867220947353,0.7238784428341544
0.526,-0.13803574997294188,0.7472956817196476,0.7252585745787499
0.528,-0.14345181890193684,0.7449735243689518,0.726636084983398
0.53,-0.14178650313688065,0.7404964308142269,0.7280109889280518
0.532,-0.1385215877473862,0.7489561486692758,0.7293833011524188
0.534,-0.13862073573646516,0.7461900930571475,0.7307530362578044
0.536,-0.1280420543246988,0.7530278233290375,0.7321202087089251
0.538,-0.11924028739903846,0.7588401010548708,0.73348483283569
0.54,-0.12295298638772785,0.7600303691512917,0.7348469228349535
0.542,-0.12347490692275952,0.7656667842718036,0.7362064927722385
0.544,-0.12455864418245984,0.7620050309896215,0.737563556583431
0.546,-0.13143150693539735,0.7639685412628036,0.7389181280764466
0.548,-0.1281224006899729,0.7754101232292976,0.7402702209328699
0.55,-0.12419949483210155,0.7744976580523444,0.7416198487095663
0.552,-0.1255457609740915,0.7665427769832128,0.7429670248402684
0.554,-0.122709412914815,0.7602495664334659,0.7443117626371358
0.556,-0.12163473121168546,0.7616514557479415,0.74565407529229
0.558,-0.11710119833092224,0.7686599158914003,0.7469939758793239
0.56,-0.11821511979528283,0.7686290516689277,0.7483314773547883
0.562,-0.1225998210617368,0.7670397894754317,0.7496665925596525
0.5640000000000001,-0.11597774879688176,0.7681370418882627,0.7509993342207435
0.5660000000000001,-0.11527723644369735,0.771409031305428,0.7523297149521612
0.5680000000000001,-0.11735234047299443,0.7795314579613267,0.7536577472566709
0.5700000000000001,-0.12769538138731054,0.7820649388577502,0.754983443527075
0.5720000000000001,-0.13587668349238677,0.7841959876087338,0.7563068160475616
0.5740000000000001,-0.13844864826899608,0.7838302391815668,0.7576278769950325
0.5760000000000001,-0.1438959209925826,0.7906786319006868,0.7589466384404111
0.578,-0.14611716840423097,0.7988847063586296,0.7602631123499285
0.58,-0.15098254765177466,0.805484807945065,0.7615773105863908
0.582,-0.15418954870880983,0.8159784104414013,0.762889244910426
0.584,-0.1620953041010909,0.8224099422663039,0.764198926981712
0.586,-0.16749326915837287,0.8218410986315412,0.7655063683601855
0.588,-0.1657850741075574,0.8213434930292504,0.7668115805072325
0.59,-0.16729175195565305,0.8266061988457208,0.7681145747868608
0.592,-0.16702006858770735,0.8305271036311951,0.7694153624668538
0.594,-0.16858917385941616,0.8342751746427252,0.7707139547199077
0.596,-0.17416428853303437,0.8333326233593176,0.7720103626247513
0.598,-0.17116992108736137,0.8353278580152409,0.7733045971672482
0.6,-0.18034366737617658,0.8460828752351295,0.7745966692414834
0.602,-0.1837833412813722,0.8493753943584812,0.7758865896508329
0.604,-0.19274896882882794,0.8638903186365764,0.7771743691090179
0.606,-0.1858234819728469,0.8567573485838168,0.7784600182411425
0.608,-0.18506313486125206,0.853269382813155,0.7797435475847171
0.61,-0.1970992445857903,0.8505203437063203,0.7810249675906654
0.612,-0.19605971801307637,0.8561704067018068,0.7823042886243179
0.614,-0.19801529647688557,0.8587326904259128,0.7835815209663893
0.616,-0.1996928552899286,0.8688439884949719,0.7848566748139434
0.618,-0.2103420302467753,0.8834665583889094,0.7861297602813418
0.62,-0.21597743624271498,0.879855746706219,0.7874007874011811
0.622,-0.21516033448788097,0.8797127001179482,0.7886697661252141
0.624,-0.2128668661796789,0.8790123381651587,0.7899367063252599
0.626,-0.20683494417539616,0.8823782474686158,0.7912016177940993
0.628,-0.20329588355201178,0.8823643403811554,0.792464510246358
0.63,-0.199853380975675,0.8898486789061146,0.7937253933193772
0.632,-0.2089834675648326,0.896158927298599,0.7949842765740717
0.634,-0.21065411472211654,0.890000971919009,0.7962411694957753
0.636,-0.20628323244637078,0.8867490486738906,0.7974960814950754
0.638,-0.20306108555085142,0.8884858326348412,0.7987490219086343
0.64,-0.20050059851976376,0.8815666609122313,0.8
0.642,-0.1888688297201728,0.8873051625575976,0.8012490249604052
0.644,-0.19015499472465933,0.8937516244419524,0.8024961059095552
0.646,-0.19228075950367185,0.8881816887141731,0.8037412518964048
0.648,-0.187996245734789,0.8823521927529551,0.8049844718999243
0.65,-0.1839232251826988,0.8786097956624828,0.806225774829855
0.652,-0.18341661574155269,0.8909419784658684,0.807465169527454
0.654,-0.18480107884586344,0.8889594726858757,0.8087026647662292
0.656,-0.19031226083976252,0.8851511904625217,0.8099382692526635
0.658,-0.17961780939218533,0.8882871673568754,0.8111719916269299
0.66,-0.16679838743313918,0.8893421730779948,0.812403840463596
0.662,-0.17106897610322716,0.8933670261716696,0.8136338242723197
0.664,-0.17417856611860258,0.8925385418453742,0.8148619514985346
0.666,-0.18685684190698415,0.8906733902986628,0.8160882305241266
0.668,-0.19003010317356323,0.8978814185237389,0.817312669668102
0.67,-0.203603352990898,0.9005343679953488,0.8185352771872451
0.672,-0.2048797361204448,0.9140237922333249,0.8197560612767679
0.674,-0.2127983738821146,0.9150704258914584,0.8209750300709517
0.676,-0.20811978817412669,0.9111208922424592,0.8221921916437787
0.678,-0.22073907897320258,0.9124172629051632,0.8234075540095561
0.68,-0.21946128032752896,0.9064241624090849,0.8246211251235321
0.682,-0.21757140525530597,0.9098451969712023,0.8258329128825032
0.684,-0.2073819901550479,0.9075484405598597,0.8270429251254133
0.686,-0.22255874033344433,0.8938139942657989,0.8282511696339463
0.6880000000000001,-0.22670582565242728,0.89524608176396,0.8294576541331089
0.6900000000000001,-0.22978011851609986,0.9035038178771196,0.8306623862918076
0.6920000000000001,-0.22276658056867413,0.9004031052739213,0.8318653737234168
0.6940000000000001,-0.22087562962935825,0.8931733451527893,0.8330666239863412
0.6960000000000001,-0.22359230065999147,0.9009226733576244,0.8342661445845685
0.6980000000000001,-0.2169168807204445,0.9069140824876224,0.8354639429682169
0.7000000000000001,-0.21961512981356854,0.901273228677668,0.8366600265340756
0.7020000000000001,-0.21151653691032243,0.9022153793930185,0.8378544026261365
0.704,-0.21169464470167743,0.8955103754061864,0.8390470785361213
0.706,-0.21824458071428765,0.8925745683356184,0.8402380615040002
0.708,-0.21645099823054653,0.8939745652493625,0.8414273587185052
0.71,-0.2226588878608006,0.8970003148332183,0.8426149773176358
0.712,-0.22044770687519163,0.8861834615967049,0.8438009243891594
0.714,-0.2210919584117452,0.8753227799843845,0.8449852069711044
0.716,-0.23126347328442665,0.8721294358072625,0.8461678320522472
0.718,-0.23331652610051468,0.8611648819556298,0.8473488065725944
0.72,-0.238350621923824,0.8699711352398336,0.848528137423857
0.722,-0.23465738280948137,0.8643607989683516,0.8497058314499201
0.724,-0.234857278208186,0.8662965594486343,0.8508818954473059
0.726,-0.24253946169825522,0.8627405674508094,0.8520563361656317
0.728,-0.2522295422475024,0.865949916089323,0.8532291603080616
0.73,-0.2448204233010433,0.8701611922655431,0.8544003745317531
0.732,-0.24472930518703226,0.8705637295187634,0.8555699854482975
0.734,-0.2415105903580849,0.8703820334548843,0.8567379996241558
0.736,-0.23449902032333358,0.8692605458741582,0.8579044235810886
0.738,-0.2287070603191705,0.8715287027306047,0.8590692637965812
0.74,-0.23850190184377904,0.877537992944475,0.8602325267042626
0.742,-0.23651404008908056,0.8710531740757339,0.8613942186943212
0.744,-0.23402292890482615,0.8786479313673965,0.862554346113913
0.746,-0.2356024443123043,0.8700610892665015,0.8637129152675673
0.748,-0.23015793356793574,0.8707100885104851,0.8648699324175861
0.75,-0.23154688615153923,0.8722307364103082,0.8660254037844386
0.752,-0.24417220084452473,0.8773890737228424,0.867179335547152
0.754,-0.23786659969507584,0.8794059747655665,0.8683317338436964
0.756,-0.23777273810246155,0.8882774892518428,0.8694826047713663
0.758,-0.24339167216708785,0.8900426882552503,0.8706319543871567
0.76,-0.25169623553705656,0.9007325914625373,0.8717797887081347
0.762,-0.2530496813108088,0.8948741845024767,0.8729261137118078
0.764,-0.25398285835225864,0.8978736136329675,0.8740709353364863
0.766,-0.25602425311569543,0.9115538222717016,0.8752142594816426
0.768,-0.25700054684527734,0.918936483902339,0.8763560920082658
0.77,-0.2579480680347422,0.9218500352374918,0.8774964387392122
0.772,-0.2609477839491681,0.9200244679493905,0.8786353054595518
0.774,-0.2638906940187671,0.9249357296209608,0.8797726979169108
0.776,-0.2664903088667781,0.925222061493133,0.8809086218218096
0.778,-0.2643000322719226,0.9293585730960766,0.8820430828479978
0.78,-0.260270937884938,0.9343895583175202,0.8831760866327847
0.782,-0.25741356779852936,0.9364127695574882,0.8843076387773657
0.784,-0.2604970741313244,0.9403201628611357,0.8854377448471462
0.786,-0.2564886344702811,0.9358063858207222,0.8865664103720601
0.788,-0.2547507219255422,0.9400636354303932,0.8876936408468858
0.79,-0.25708464593294156,0.9313586236212541,0.8888194417315589
0.792,-0.2533342046770323,0.9307695039223232,0.8899438184514796
0.794,-0.25786749333738634,0.9408422848142146,0.8910667763978186
0.796,-0.2659030707939561,0.9415697136897229,0.8921883209278185
0.798,-0.2714983119044364,0.9534024707785771,0.8933084573650918
0.8,-0.2758371399569556,0.9405291593287362,0.8944271909999159
0.802,-0.2768578955955905,0.9360267363381566,0.8955445270895245
0.804,-0.2738472363616515,0.9373940262504875,0.8966604708583958
0.806,-0.26809312175957334,0.94214738620729,0.8977750274985377
0.808,-0.27255222357687414,0.9496542884368773,0.8988882021697693
0.81,-0.26433497136808076,0.9614943171530981,0.9
0.812,-0.27027446345180406,0.9598530106275756,0.9011104260855048
0.8140000000000001,-0.26846006747403905,0.9530938917165472,0.9022194854911969
0.8160000000000001,-0.2751493132290189,0.9596279084043798,0.9033271832508972
0.8180000000000001,-0.2808363027827841,0.9652759214825464,0.904433524367601
0.8200000000000001,-0.27402906819812844,0.9719740435285875,0.9055385138137417
0.8220000000000001,-0.2677749134007374,0.9783077650160802,0.906642156531451
0.8240000000000001,-0.2690932802072154,0.9794758003271397,0.9077444574328174
0.8260000000000001,-0.27369148353771305,0.9843678526156552,0.9088454214001411
0.8280000000000001,-0.28259656812792094,0.9882568480637871,0.9099450532861861
0.8300000000000001,-0.2835371592076988,0.9897495215938162,0.9110433579144299
0.8320000000000001,-0.27702343262071594,0.9962367192157615,0.9121403400793104
0.834,-0.2787283158162337,0.9917020528035485,0.9132360045464699
0.836,-0.27541750653385877,0.9872198221731315,0.9143303560529968
0.838,-0.28576436128688193,0.9907268862411335,0.9154233993076646
0.84,-0.2765684935680121,0.9824089998201898,0.916515138991168
0.842,-0.27917261812490607,0.9692856747182645,0.9176055797563569
0.844,-0.2766038658440827,0.9722017870961831,0.9186947262284682
0.846,-0.26964076248423674,0.9711796379840659,0.9197825830053535
0.848,-0.2660722091919906,0.9702989016421996,0.920869154657707
0.85,-0.2658104229851418,0.9734310538643176,0.9219544457292888
0.852,-0.26081872307177867,0.9740625098190979,0.9230384607371461
0.854,-0.26298680615395015,0.9676846315206586,0.9241212041718337
0.856,-0.2616047111218712,0.9785753607612735,0.9252026804976302
0.858,-0.25943949687194656,0.9787187009904463,0.9262828941527529
0.86,-0.264402830496494,0.9821814199735616,0.9273618495495703
0.862,-0.2686998128915049,0.9775428100167562,0.9284395510748128
0.864,-0.2708203746878637,0.9777999310100541,0.92951600308978
0.866,-0.2716573129228472,0.9819695836942073,0.9305912099305473
0.868,-0.2793966250785074,0.9824784900528827,0.9316651759081692
0.87,-0.29783149308423434,0.9736238584932111,0.9327379053088815
0.872,-0.29263256701700974,0.9643857486838522,0.9338094023943002
0.874,-0.2893180513321277,0.9634448292107424,0.9348796714016194
0.876,-0.278944871372317,0.9624719081251576,0.9359487165438072
0.878,-0.2778541164089038,0.9644364606642959,0.9370165420097982
0.88,-0.2794037589799572,0.9678153293253432,0.938083151964686
0.882,-0.27490084095279205,0.976217333388916,0.9391485505499116
0.884,-0.27096020752233047,0.9813222353857405,0.9402127418834527
0.886,-0.27238692467639625,0.9817608444269068,0.9412757300600074
0.888,-0.27491716300743263,0.9833171163376881,0.9423375191511797
0.89,-0.2816043494840409,0.9747076812438555,0.9433981132056604
0.892,-0.27549446469338107,0.9823774252608624,0.9444575162494075
0.894,-0.2774642300758135,0.9837294740496745,0.9455157322858251
0.896,-0.28194525883929705,0.9914690858306567,0.9465727652959386
0.898,-0.2845041039765452,0.9950928905798166,0.9476286192385707
0.9,-0.28682696216138603,0.9895386675705349,0.9486832980505138
0.902,-0.28705817946477813,0.9941184038410131,0.9497368056467013
0.904,-0.2816015089933373,0.9916857742254903,0.950789145920377
0.906,-0.28473640147349594,0.9983067158814221,0.9518403227432635
0.908,-0.2816107376520137,1.0048451436774857,0.9528903399657277
0.91,-0.2843772834143186,1.0030561154196282,0.9539392014169457
0.912,-0.2956020375950848,0.9917437352211051,0.9549869109050658
0.914,-0.28562857536821273,0.9934278582918991,0.9560334722173696
0.916,-0.28917522169494086,0.9893541799690345,0.9570788891204319
0.918,-0.30278882705275834,0.9852439185400259,0.9581231653602788
0.92,-0.30574627879407296,0.9838294592538559,0.9591663046625439
0.922,-0.30477804779029827,0.9893866309614014,0.9602083107326244
0.924,-0.31142480375931114,0.9947722939306657,0.9612491872558333
0.926,-0.3045590393690355,0.9934538046226474,0.9622889378975527
0.928,-0.29278362835671795,0.9870480421841847,0.9633275663033837
0.93,-0.2904314818228386,0.9806630111432244,0.9643650760992956
0.932,-0.290797096104813,0.9855242407965417,0.9654014708917736
0.934,-0.3020583410844105,1.003630692572058,0.9664367542679656
0.936,-0.29999206701676223,1.0009660553097963,0.9674709297958259
0.9380000000000001,-0.3046556148948224,0.9955136103438953,0.9685040010242602
0.9400000000000001,-0.3178494919048741,0.9893642672729611,0.9695359714832659
0.9420000000000001,-0.32244723495963595,0.9880536912861458,0.9705668446840743
0.9440000000000001,-0.3128581965641101,0.9895354912579438,0.9715966241192896
0.9460000000000001,-0.31425706004747134,0.9907038139285305,0.9726253132630263
0.9480000000000001,-0.3123899838039163,0.993177451394953,0.9736529155710468
0.9500000000000001,-0.31001762255438725,1.0099477836745594,0.9746794344808964
0.9520000000000001,-0.3176942715881962,1.0000467249248741,0.9757048734120375
0.9540000000000001,-0.3154519302420419,1.0039343047527096,0.9767292357659825
0.9560000000000001,-0.3107169743188656,1.00786555076751,0.9777525249264254
0.9580000000000001,-0.3137396400417006,0.9999874139777306,0.9787747442593725
0.96,-0.31504333478650126,0.9965212648579754,0.9797958971132712
0.962,-0.3029006970970272,1.0013040779511502,0.9808159868191383
0.964,-0.29795154493626286,0.9979728893010971,0.9818350166906862
0.966,-0.2898643905607028,0.9948652999398325,0.9828529900244491
0.968,-0.2899747277058593,0.9954004998850641,0.9838699100999074
0.97,-0.28379843756137946,0.9978887838986091,0.9848857801796105
0.972,-0.2892596646165298,1.0052536036838304,0.985900603509299
0.974,-0.2882566536737297,1.0100465790536777,0.9869143833180262
0.976,-0.2867203948436962,1.0088347592578135,0.9879271228182775
0.978,-0.285879078950178,1.0179572398295664,0.9889388252060892
0.98,-0.277081145557398,1.0143639777411226,0.9899494936611666
0.982,-0.272886957002304,1.018362482239033,0.9909591313469996
0.984,-0.27754318935461547,1.0155780350451038,0.9919677414109795
0.986,-0.28204031753011666,1.0243322796352226,0.9929753269845127
0.988,-0.2868271352645025,1.0181294829195848,0.9939818911831342
0.99,-0.2918428606961616,1.0227679950283033,0.99498743710662
0.992,-0.29503084430936494,1.02840371584759,0.9959919678390986
0.994,-0.2991715515199386,1.0234033347003741,0.9969954864491614
0.996,-0.30165979595647635,1.0274645502580577,0.997997995989972
0.998,-0.3000420987152076,1.031868865904427,0.9989994994993742
1.0,-0.29207189439335907,1.0370341881631395,1.0
