t,drift_line,mean_P,sd_P,mean_Q,sd_Q
0.0,0.0,0.0,0.0,0.0,0.0
0.0033333333333333335,0.0025,0.004959554311079152,0.059582573236219356,0.0004164438573451101,0.060022141003200497
0.006666666666666667,0.005,0.00624655438476642,0.08507262703269991,0.0022922796760097694,0.08429082989879681
0.01,0.0075,0.011892331531305408,0.10529958241684036,0.006265480711802307,0.10884695348538306
0.013333333333333334,0.01,0.016333849790733858,0.12167941577330382,0.006142290556917274,0.12566659674282155
0.016666666666666666,0.0125,0.0165610516753229,0.1369889969165044,0.0011477620415889318,0.13316115846379936
0.02,0.015,0.019454627085657653,0.14860608363707675,0.0011318850030477825,0.1406146430922832
0.023333333333333334,0.0175,0.019693185417190145,0.16149063019394935,-0.00014173242540484112,0.1525832077344574
0.02666666666666667,0.02,0.022554880273414145,0.17260794260190998,0.003930008712103943,0.16008346352880576
0.030000000000000002,0.022500000000000003,0.025890457379407334,0.1812585222121973,0.0033785649114106146,0.1704808136081948
0.03333333333333333,0.025,0.02824475535731325,0.18878188221022396,0.002939500241334805,0.17715692031276434
0.03666666666666667,0.0275,0.028989603261947754,0.19718173806589845,-0.0011971787911742213,0.18740785317304756
0.04,0.03,0.03425450526696316,0.2071370868127743,-0.0014018871946970923,0.19970878341479412
0.043333333333333335,0.0325,0.03547168663427187,0.21653873663885118,-0.00014786796274055886,0.20411398226234415
0.04666666666666667,0.035,0.03271696088261799,0.22423441747616257,-0.0056692273928547355,0.21939084603712286
0.05,0.037500000000000006,0.02948320619002346,0.23261409212796538,-0.01226125012268255,0.2220870199783843
0.05333333333333334,0.04,0.03343440291056075,0.23480576967026148,-0.00871107393744412,0.22574687319498385
0.05666666666666667,0.0425,0.03485172537747493,0.23994091334199955,-0.012456494047542073,0.23164151023942006
0.060000000000000005,0.045000000000000005,0.036474835163435505,0.24841605106167725,-0.014685306261739145,0.2438796156836485
0.06333333333333334,0.0475,0.040569163828000174,0.2545325946915453,-0.011398709340716344,0.2459564704553468
0.06666666666666667,0.05,0.0482964893418025,0.26727666919515586,-0.009334672893142914,0.2607822461701192
0.07,0.052500000000000005,0.04987165384260301,0.2682510150754617,-0.004994674756754944,0.2566937194871729
0.07333333333333333,0.055,0.051165941100317226,0.27627738112511124,-0.00786207047458115,0.26525587677171775
0.07666666666666667,0.05750000000000001,0.049845150932884275,0.27881240665471146,-0.012793144063657405,0.2689449591019004
0.08,0.06,0.056137207096323555,0.27990971544727933,-0.009393891078342697,0.26639880889025225
0.08333333333333334,0.0625,0.062368456529295555,0.28635504830299763,-0.008818900602214077,0.2733713308285524
0.08666666666666667,0.065,0.06412619889530773,0.28867813435768525,-0.008765123912703739,0.2721026156607929
0.09000000000000001,0.0675,0.06717683845142762,0.2917913616022409,-0.007506907011720644,0.275935291253238
0.09333333333333334,0.07,0.07259748396093105,0.29682294597166387,-0.004629380639510172,0.2842140852071585
0.09666666666666668,0.07250000000000001,0.0730215281166919,0.30043682937074817,-0.006944951718352782,0.28940500901231747
0.1,0.07500000000000001,0.0739424824839984,0.30725411612034015,-0.009533877737085347,0.29954623366405264
0.10333333333333335,0.07750000000000001,0.07287922356521363,0.30749558135373645,-0.008168460057497056,0.29835664471394036
0.10666666666666667,0.08,0.07731722776636428,0.3096310980550663,-0.005989342094186422,0.2997353161220003
0.11,0.0825,0.07788673376146639,0.3146225000857115,-0.009804637039050797,0.3047699209213195
0.11333333333333334,0.085,0.0808661447245839,0.3217398349495462,-0.01171468929724473,0.3101038555110062
0.11666666666666667,0.0875,0.08129389513464848,0.3270900006411048,-0.013247712349628713,0.315205086588194
0.12000000000000001,0.09000000000000001,0.08207178879034073,0.32795966390852477,-0.011466685672745856,0.3148293268028688
0.12333333333333334,0.0925,0.08283915082422456,0.3348034635762377,-0.014094325760587962,0.3270996132330538
0.12666666666666668,0.095,0.09480147620240144,0.33886945231710797,-0.004158849213954041,0.3315722364879994
0.13,0.0975,0.10090074644297059,0.34415178192577567,-0.001591284518789328,0.33070736318248406
0.13333333333333333,0.1,0.10045792942464711,0.3492118326358132,-0.00790267682425141,0.3367542450533403
0.1366666666666667,0.10250000000000001,0.1081770666267743,0.3547126637974459,-0.0037289555763152056,0.33788879964829727
0.14,0.10500000000000001,0.1092754247374315,0.3663591476000913,-0.003937736949188684,0.3496216669726445
0.14333333333333334,0.10750000000000001,0.108023328382642,0.3714311448194692,-0.006560448043687242,0.35772411039591007
0.14666666666666667,0.11,0.11148415593299033,0.3778526906396666,-0.0065009935445955154,0.36510523827076463
0.15000000000000002,0.11250000000000002,0.10935114988787871,0.3822833028320198,-0.005911152653817861,0.37060064618105976
0.15333333333333335,0.11500000000000002,0.10767055245776457,0.3877450268294458,-0.009392645949151852,0.3761446670167186
0.15666666666666668,0.11750000000000001,0.11094901109617825,0.39346597071310185,-0.0048312700805277385,0.3817834486726759
0.16,0.12,0.11156623683288026,0.39917232221803056,-0.007638086489928935,0.388574022849078
0.16333333333333333,0.1225,0.11382598979739803,0.40421052730656964,-0.009600843390153544,0.3896685551438361
0.16666666666666669,0.125,0.11440460547876301,0.4031564257444315,-0.011106064628317223,0.384867303856549
0.17,0.1275,0.11511300474769522,0.4060157015375546,-0.012570552442658816,0.3862744492044499
0.17333333333333334,0.13,0.11436047714594488,0.40690012628774885,-0.01798265752446127,0.3811334032077188
0.17666666666666667,0.1325,0.11707982947991198,0.41031331581547265,-0.017972306180479392,0.38113784500285297
0.18000000000000002,0.135,0.12011709767619974,0.4135307749621748,-0.015399730757902998,0.38476306620509615
0.18333333333333335,0.1375,0.11583325991040751,0.41847779137723906,-0.02294250475609367,0.38859787892814457
0.18666666666666668,0.14,0.11597562644268072,0.4213796484975834,-0.025145816487440204,0.39074795123873657
0.19,0.14250000000000002,0.12027285782015948,0.4228937830130201,-0.0199327051106827,0.39253183728732344
0.19333333333333336,0.14500000000000002,0.12487907565803846,0.42798197804336596,-0.020408687791102366,0.3952222087183816
0.19666666666666668,0.14750000000000002,0.1281544631425795,0.4351098238492271,-0.021661790687228732,0.40037145957712045
0.2,0.15000000000000002,0.134849285747908,0.4389531051993384,-0.018430133644255872,0.4029176881300747
0.20333333333333334,0.1525,0.13992446696884278,0.4465438938569234,-0.01911460789601713,0.4086806865281615
0.2066666666666667,0.15500000000000003,0.14097125363799637,0.45132593371101615,-0.020466832875981247,0.4151744207448569
0.21000000000000002,0.15750000000000003,0.14398251808631396,0.4559874520877553,-0.020718099579089322,0.4214746932673772
0.21333333333333335,0.16,0.14550508329785677,0.4623205058413717,-0.024471693818536307,0.4268013634652906
0.21666666666666667,0.1625,0.14996226272115495,0.46854363721307757,-0.021448330184468192,0.43372389733185296
0.22,0.165,0.15356650680211953,0.4694694615892973,-0.02041205399626841,0.4353445344423182
0.22333333333333336,0.1675,0.15054499677747551,0.4734355294146477,-0.02554089375045038,0.4406442036310645
0.22666666666666668,0.17,0.15543026930682943,0.4750809552692393,-0.019677177795445287,0.44067891185096647
0.23,0.17250000000000001,0.1563725318608058,0.48297331224177215,-0.02700062325385721,0.4480537699756019
0.23333333333333334,0.175,0.15908357911837595,0.4831067453293787,-0.02431518114639157,0.4487699614155886
0.2366666666666667,0.17750000000000002,0.16154787194825912,0.48783765052569433,-0.026676078166749342,0.4543817514649263
0.24000000000000002,0.18000000000000002,0.16810129979702526,0.49348514840416524,-0.01904392665056339,0.4628683704874272
0.24333333333333335,0.1825,0.173752259894118,0.49861010781378823,-0.016440556129325424,0.46765539837174247
0.24666666666666667,0.185,0.17976680472255674,0.5035471368332145,-0.012215906943151455,0.47658681079681353
0.25,0.1875,0.17937985275066975,0.5094572139862774,-0.021564810856222145,0.4838738969307944
0.25333333333333335,0.19,0.19042484379101704,0.5115559793034941,-0.013812731742187946,0.4870652423738337
0.2566666666666667,0.19250000000000003,0.19237372381292356,0.5167567659640464,-0.02030731156685322,0.494383358198602
0.26,0.195,0.1992181159419745,0.5195806043308987,-0.017297705957149315,0.49632474525635645
0.26333333333333336,0.1975,0.2045900444376141,0.5258221777887381,-0.01637754260240931,0.5059483592039589
0.26666666666666666,0.2,0.20681867429037695,0.5256654954131011,-0.014908207419131438,0.5109308157945441
0.27,0.2025,0.20775259188178485,0.5325193589339937,-0.01718510751575671,0.5232551459778071
0.2733333333333334,0.20500000000000002,0.2150222955934434,0.5366578264875629,-0.018554946715090642,0.5292413913631615
0.27666666666666667,0.20750000000000002,0.21844459581979941,0.5395034089295606,-0.017393293276781747,0.5327190507155367
0.28,0.21000000000000002,0.2227434264530412,0.5446179338083443,-0.01571881762468139,0.5372441563583258
0.2833333333333333,0.2125,0.2255737133493737,0.5519340655861456,-0.018513373486688103,0.5434021828955979
0.2866666666666667,0.21500000000000002,0.2343526568943278,0.5508623716443786,-0.00949572102424492,0.5404341705569883
0.29000000000000004,0.21750000000000003,0.24074321023976178,0.5538972818197234,-0.007646718219609128,0.5478883439444
0.29333333333333333,0.22,0.2472781266267552,0.5531555406324242,0.002962108856713527,0.5406359420404859
0.2966666666666667,0.22250000000000003,0.2473431158912846,0.558994850695236,0.002260578608070642,0.5475108088176225
0.30000000000000004,0.22500000000000003,0.24852177490603047,0.5634168607588144,0.0037417124597481587,0.5505681236624861
0.30333333333333334,0.2275,0.25312038179190177,0.5650351756413171,0.0036952807005753018,0.55798539778325
0.3066666666666667,0.23000000000000004,0.25294537368465947,0.5663951318874456,0.002679047712615545,0.5563940737347588
0.31,0.23249999999999998,0.2507545949565733,0.5714177138836237,-0.0047413748957847515,0.5633869555134783
0.31333333333333335,0.23500000000000001,0.25671421648640297,0.5736721129361878,-0.0019932725128177712,0.5667052609239818
0.3166666666666667,0.23750000000000004,0.25731883692519486,0.5798730587911539,-0.0042669553975367095,0.5718274862473646
0.32,0.24,0.25953496566973644,0.581899893939788,-0.002665756977580673,0.5775186711353054
0.32333333333333336,0.24250000000000002,0.2618996533349907,0.5852565165407094,-0.003788090832329757,0.5852052495536082
0.32666666666666666,0.245,0.2677321230319535,0.588162235054127,0.0017660558185490448,0.5854158696333372
0.33,0.2475,0.2704118442623124,0.590917034849267,0.004944958892851756,0.5897517025049931
0.33333333333333337,0.25,0.2737955297299765,0.5946947145833502,0.0017637189887198667,0.5916702004912101
0.33666666666666667,0.2525,0.2790968994885599,0.5996185555533854,0.006167913374095868,0.5971134907436954
0.34,0.255,0.2819489210259814,0.6035953260591281,0.0069577278689334264,0.6040873542711905
0.3433333333333334,0.25750000000000006,0.28518816895414384,0.6024546647430998,0.012159960946799822,0.6005446404334749
0.3466666666666667,0.26,0.289144669161827,0.6045874952442768,0.01251686257314493,0.6047294263217545
0.35000000000000003,0.2625,0.29457874369802317,0.6037989707190904,0.013850509491081915,0.6031548146145072
0.35333333333333333,0.265,0.29749503972029145,0.6050895140487074,0.014629642663322688,0.6023583418546471
0.3566666666666667,0.2675,0.3058709875984103,0.5992051875563071,0.021284957624354433,0.6039059307510408
0.36000000000000004,0.27,0.30372449723383527,0.6016564142286688,0.019592526629978915,0.6004862873420255
0.36333333333333334,0.2725,0.3103344208004493,0.6065856519037437,0.0247143147247822,0.6067848461678178
0.3666666666666667,0.275,0.31248095974629175,0.6069201193923419,0.028844202736562314,0.6038733813976636
0.37000000000000005,0.2775,0.31755356487191155,0.6074775545752732,0.031162047682332612,0.6087930708737626
0.37333333333333335,0.28,0.31875622246305435,0.6082424902801082,0.03171011648250405,0.610372990275014
0.3766666666666667,0.28250000000000003,0.3223177142590447,0.6079616985757796,0.036803048292191075,0.6099825507539783
0.38,0.28500000000000003,0.3291303760794208,0.6113087338622168,0.04095267750020877,0.6140680647347446
0.38333333333333336,0.28750000000000003,0.332450741466838,0.617192918674919,0.03656931604671615,0.6206960867150483
0.3866666666666667,0.29000000000000004,0.33603466305580554,0.6178797430494656,0.03929085423133419,0.6201034831681832
0.39,0.2925,0.34391594107207774,0.6158963050588968,0.04500163341985839,0.6196599519651405
0.39333333333333337,0.29500000000000004,0.34541290239721867,0.6170155147118717,0.042733882620710074,0.6208368921065488
0.39666666666666667,0.2975,0.3476678405047878,0.6250531776062388,0.039681395884195315,0.6274549699130477
0.4,0.30000000000000004,0.34786505787234523,0.6321734722546754,0.03728071339233655,0.6399304969761407
0.4033333333333334,0.30250000000000005,0.34781558736285567,0.6331287343147111,0.037396117379976015,0.6335616367571457
0.4066666666666667,0.305,0.3513475696714003,0.63579009944329,0.035954436382971265,0.6373415560370673
0.41000000000000003,0.3075,0.34825050862048484,0.6405314669856563,0.029512229015962774,0.6415517194503483
0.4133333333333334,0.31000000000000005,0.3520108515153159,0.6422416068319186,0.029968794358530695,0.640384348080426
0.4166666666666667,0.3125,0.35283905158237616,0.6448784443957897,0.028124498703580168,0.641464184067457
0.42000000000000004,0.31500000000000006,0.3600480587359205,0.6512517972926165,0.02813124432880633,0.6458373432470692
0.42333333333333334,0.3175,0.3611957749387094,0.6558085284213531,0.030537035883878242,0.6494514496917152
0.4266666666666667,0.32,0.36378216703527744,0.6594604000650212,0.029034806113771884,0.6544105308219255
0.43000000000000005,0.3225,0.36341785397506676,0.6636142549772933,0.026182816206864534,0.6579771040506058
0.43333333333333335,0.325,0.37022683965709624,0.6662154030778064,0.0321316472257225,0.6653162596463233
0.4366666666666667,0.3275,0.37109540890118814,0.6685677602897232,0.027518628418340664,0.6729683875539616
0.44,0.33,0.378525058406486,0.67121856603104,0.033964238518664,0.6754516234461103
0.44333333333333336,0.3325,0.37998365575896575,0.675245073513042,0.032816473236458234,0.6739449086017872
0.4466666666666667,0.335,0.3841598482451786,0.6802865382987258,0.03327125925782584,0.6741431324290781
0.45,0.3375,0.39174716976420415,0.6823035743739025,0.040653019902920515,0.6747300016166774
0.45333333333333337,0.34,0.3934828497542738,0.6829082540683636,0.042581902924916246,0.6746942018944666
0.4566666666666667,0.3425,0.396489541555092,0.683708827831888,0.044152966174846354,0.6705833432789486
0.46,0.34500000000000003,0.39909576021323695,0.6894060020989948,0.04156261096259068,0.6831893699484747
0.4633333333333334,0.34750000000000003,0.3977101381647445,0.6934696286004866,0.038220955813873546,0.6856897076999767
0.4666666666666667,0.35,0.3978873624004295,0.6955963943221166,0.03612839692184049,0.6855534597257119
0.47000000000000003,0.35250000000000004,0.3990751565291834,0.6973095413630747,0.035508321814558104,0.6915594973954055
0.4733333333333334,0.35500000000000004,0.39884943206738216,0.6988914130398802,0.03292975747725993,0.6952541781101375
0.4766666666666667,0.35750000000000004,0.40462899081565706,0.7027133707743892,0.03647257667583034,0.6998177077735026
0.48000000000000004,0.36000000000000004,0.4078968793404957,0.703562028041737,0.037432789697021476,0.7022479261118748
0.48333333333333334,0.3625,0.4070178710672046,0.7080879059324484,0.03434217482760099,0.7077276080274546
0.4866666666666667,0.365,0.4074304348746043,0.709951665694818,0.032520987659714604,0.7157652166156183
0.49000000000000005,0.36750000000000005,0.4097429950393079,0.7055409714532748,0.038334176992643305,0.7125954559786025
0.49333333333333335,0.37,0.41522738328384867,0.7085720775126436,0.04104895293059691,0.7166632564582288
0.4966666666666667,0.37250000000000005,0.4201064573119046,0.7055896140686724,0.0479182907909919,0.7091942382881843
0.5,0.375,0.4206490535035725,0.710602218030364,0.04302591178862439,0.7135960220144063
0.5033333333333334,0.37750000000000006,0.4231302766807497,0.7171632961065985,0.04260228722822079,0.7204055713891885
0.5066666666666667,0.38,0.4280525465886902,0.7241693598210575,0.043868684241148655,0.7263218972460647
0.51,0.3825,0.43071335463584065,0.7326820475645459,0.03851082886737778,0.7349640780453863
0.5133333333333334,0.38500000000000006,0.43230296276478397,0.7358160583600476,0.03437306806191933,0.7417577113939458
0.5166666666666667,0.38750000000000007,0.4298542602507736,0.7372874408901181,0.029552377043293183,0.7435531748882896
0.52,0.39,0.43044542238553984,0.7378697995859549,0.030791915511384244,0.7447087212480545
0.5233333333333333,0.39249999999999996,0.4336800931892282,0.7445143691172782,0.030606341161924372,0.7512581725621685
0.5266666666666667,0.395,0.43791543399342964,0.7452693171219005,0.03691178539956153,0.7489792170702844
0.53,0.3975,0.43929114391221796,0.7461294332569156,0.033284209110275124,0.7536388310130563
0.5333333333333333,0.4,0.4425372295454813,0.7477396096746821,0.030754471786624268,0.7589388692867931
0.5366666666666667,0.4025000000000001,0.44788747069538515,0.7527930366681908,0.029145103645286302,0.7638643030259638
0.54,0.405,0.45504950841494113,0.7580373820350877,0.03282085704242671,0.769697483048512
0.5433333333333333,0.4075,0.45867318468646673,0.7617520158803672,0.03350474307390709,0.7696998456972418
0.5466666666666667,0.41000000000000003,0.46527533589843256,0.7605253240508388,0.038503036350661886,0.7730259201971549
0.55,0.41250000000000003,0.46598202145208006,0.7587006909009603,0.03889727948136868,0.7725723472659196
0.5533333333333333,0.41500000000000004,0.46896664558658196,0.7624800563620628,0.038116088392991986,0.7799373821887476
0.5566666666666668,0.4175000000000001,0.4678359585641227,0.7637553339445006,0.03576712750453095,0.7760409205734892
0.56,0.42000000000000004,0.4752359915594746,0.7632461344403656,0.03986988914889343,0.7812165640155854
0.5633333333333334,0.4225,0.4766805581154856,0.7622007990046792,0.04394738663721716,0.7767805636623412
0.5666666666666667,0.425,0.4829514096635225,0.7595231836554052,0.047506027644597194,0.7787646020785219
0.5700000000000001,0.42750000000000005,0.48509017876951327,0.7602439086241106,0.048579179560278386,0.7764251474530081
0.5733333333333334,0.43000000000000005,0.48787092646230484,0.7582671359269372,0.05284271974199305,0.7698770005201716
0.5766666666666667,0.4325,0.489949508149122,0.7583466606929611,0.05070781734978044,0.7698894162673853
0.5800000000000001,0.43500000000000005,0.4931620522397473,0.7590242082696259,0.05040681392319372,0.768941173774795
0.5833333333333334,0.4375,0.4908529496536027,0.7639534303133295,0.04521729346781151,0.7718891633011269
0.5866666666666667,0.44,0.4907332567309199,0.7625677946866748,0.046831256254504045,0.7744262344102313
0.5900000000000001,0.44250000000000006,0.49236746131277037,0.7629830771576364,0.04736513906097176,0.7676900139415842
0.5933333333333334,0.44500000000000006,0.4937983822222111,0.764896323567517,0.04577237044546574,0.7709813122389794
0.5966666666666667,0.4475,0.49450766691759634,0.7630638462603598,0.04155307900986523,0.7721162975672105
0.6000000000000001,0.45000000000000007,0.4960733636888029,0.7659779100967922,0.037212212639115984,0.7750341292786699
0.6033333333333334,0.4525,0.49687059692617486,0.7653643144857338,0.0381847523268298,0.7762556105945315
0.6066666666666667,0.455,0.4965656724859277,0.7721269742118415,0.030136132066401197,0.7819824955914867
0.61,0.4575,0.5010207216288736,0.7776940964419531,0.03027544341414436,0.7884782612969052
0.6133333333333334,0.4600000000000001,0.5058944130299968,0.7865187410654624,0.02775076301635656,0.7991171996426158
0.6166666666666667,0.4625,0.5100094617202793,0.7889780180090225,0.029395683677661794,0.7985889769532554
0.62,0.46499999999999997,0.5086135803250386,0.7956300095384077,0.02407459623973201,0.8072746406677893
0.6233333333333334,0.4675,0.5094800255171785,0.7973084576916651,0.024344713950389132,0.8062555761667423
0.6266666666666667,0.47000000000000003,0.5116215774252723,0.7988699091603556,0.021833724529152724,0.8126511773571641
0.63,0.47250000000000003,0.517153445438804,0.8088560134085377,0.017919517974170893,0.8297626427205639
0.6333333333333334,0.4750000000000001,0.5202236216387474,0.8079980451154865,0.01727362685257297,0.8307998934115829
0.6366666666666667,0.47750000000000004,0.5250753543145933,0.8079890981325558,0.016345145570217313,0.8342628559844684
0.64,0.48,0.5263972618435581,0.8138902514338574,0.011864067403560353,0.8446941562083845
0.6433333333333334,0.48250000000000004,0.5306272717554529,0.8208610412387056,0.011302468897039984,0.8516983913280016
0.6466666666666667,0.48500000000000004,0.5360761447265506,0.826080539002806,0.011001167542823598,0.8576328595841194
0.65,0.48750000000000004,0.5390716649082692,0.8297377037933068,0.009577596749630306,0.8634747343460001
0.6533333333333333,0.49,0.5463132857142842,0.8254744779884584,0.018567451640308905,0.8624002880178223
0.6566666666666667,0.49250000000000005,0.5517083167070126,0.8259193252794114,0.021403573242628173,0.8653459509230035
0.66,0.495,0.5516360780211353,0.8268668366732991,0.02295359552615642,0.8621455592492324
0.6633333333333333,0.4975,0.5566401937098007,0.8332162372849676,0.02290422118034569,0.8702059522223642
0.6666666666666667,0.5,0.5582404190431347,0.8367216635028896,0.019766079416070326,0.8699535737940589
0.67,0.5025000000000001,0.5627854867461406,0.8375890986446483,0.023170212190871835,0.8680345262019806
0.6733333333333333,0.505,0.5683642280512337,0.8348499067992874,0.030357658629061562,0.8648940521716509
0.6766666666666667,0.5075000000000001,0.5685092952795663,0.838404224968754,0.030668134697659742,0.8596152924243728
0.68,0.51,0.5663331544960016,0.840998250335347,0.0271120477076341,0.8585065777753487
0.6833333333333333,0.5125,0.5692103922226883,0.844988401747161,0.026301575329135973,0.8601472120732749
0.6866666666666668,0.5150000000000001,0.5759112118932831,0.8455428538578252,0.0281838644778918,0.8646786669700499
0.6900000000000001,0.5175000000000001,0.5729156250060443,0.8457759498205718,0.02405925968088388,0.8665087129072115
0.6933333333333334,0.52,0.5703951759205272,0.8493523927855859,0.020386563477367926,0.8691042355718525
0.6966666666666667,0.5225,0.5755522673167447,0.8503876241257997,0.02438234977046088,0.8667442324179115
0.7000000000000001,0.525,0.5757819141531987,0.8495875019923764,0.02099764497486586,0.8669069987386827
0.7033333333333334,0.5275000000000001,0.5724719142359381,0.8525500396850488,0.013096973449144716,0.8712792933988134
0.7066666666666667,0.53,0.5774065883615294,0.8553038679396318,0.014216534777541171,0.8731893429953395
0.7100000000000001,0.5325000000000001,0.5789702807223853,0.8601160559811311,0.01081156935497173,0.882225511840876
0.7133333333333334,0.535,0.5828560632016759,0.8660412665024733,0.009393385984593591,0.8839321854411059
0.7166666666666667,0.5375,0.583631081000724,0.8670028995374218,0.010265416897521064,0.8813268915030701
0.7200000000000001,0.54,0.5841032491956795,0.8728879684422965,0.004405086547590201,0.8893023022729197
0.7233333333333334,0.5425,0.5847128445933992,0.8758269491121881,0.0021273105729628,0.8923960390495842
0.7266666666666667,0.545,0.5862385266780596,0.8764922019399756,0.001164370466982019,0.8927298464465033
0.7300000000000001,0.5475000000000001,0.5899625858436036,0.8851815994077872,-0.0012114803283251035,0.9015886277727987
0.7333333333333334,0.55,0.5947779850142412,0.8885737356261353,0.00023704655388167488,0.9042378485463013
0.7366666666666667,0.5525,0.6031489647541484,0.8876012919425211,0.00839270578295945,0.8988360360910607
0.7400000000000001,0.555,0.6065982815991569,0.89414607670823,0.007992087339951522,0.900861507045361
0.7433333333333334,0.5575000000000001,0.6125334738405525,0.8991333576112382,0.009747931383563202,0.9080466871351422
0.7466666666666667,0.56,0.613857033096482,0.9071130162693976,0.005180194765143593,0.9148337735515312
0.75,0.5625,0.6221259696859968,0.9075413679089651,0.013987263838995368,0.9159919299275767
0.7533333333333334,0.5650000000000001,0.621991686577388,0.912611123961254,0.008739035737242445,0.9195694480678226
0.7566666666666667,0.5675,0.6279500159411061,0.9136914657318917,0.011902664306618991,0.9221806689191042
0.76,0.5700000000000001,0.6309015199737841,0.9141181695859861,0.014473592947124175,0.921476721222289
0.7633333333333334,0.5725,0.6348899428807679,0.9159810532812892,0.015210921833359085,0.9235203949522716
0.7666666666666667,0.5750000000000001,0.634847398602028,0.9198242490731645,0.01489855102993733,0.9210222039450728
0.77,0.5775,0.6380718504780706,0.9157490302996387,0.018599834583139595,0.9193236661753709
0.7733333333333334,0.5800000000000001,0.6349326401378392,0.9183591947154295,0.012774493859760268,0.9204679796030037
0.7766666666666667,0.5825,0.6383636766482009,0.9257036387614432,0.011666973547859614,0.9226829456485799
0.78,0.585,0.6418272829703754,0.9277480776545595,0.016617266723287526,0.9202966615595828
0.7833333333333334,0.5875000000000001,0.6442904108553177,0.9323958509769328,0.014479736577508739,0.9252377750121412
0.7866666666666667,0.5900000000000001,0.6412579341101755,0.9346103159697255,0.007734137475624575,0.9298176087384142
0.79,0.5925,0.6435983439089447,0.9361723196042125,0.00988705078382699,0.9265694071474213
0.7933333333333333,0.595,0.6464562575664704,0.9367338173083581,0.010405476198110646,0.9255107750317197
0.7966666666666667,0.5975,0.6468371798951884,0.9358826492188738,0.012236082368614266,0.9206834429702551
0.8,0.6000000000000001,0.6499433958925503,0.9376561469498752,0.012135170558918511,0.9213745416576133
0.8033333333333333,0.6025,0.652546374611616,0.9413541527207269,0.009285228739518236,0.9265991031902809
0.8066666666666668,0.6050000000000001,0.6578450389203637,0.9459649629377269,0.007311257786842612,0.928832587558924
0.81,0.6075,0.6630426740878471,0.9506757802050838,0.008357750719904305,0.9352795909972627
0.8133333333333334,0.61,0.6601552409070734,0.953109999086706,0.0042098416370973946,0.933309645190855
0.8166666666666668,0.6125,0.6609801075850089,0.9550679024050801,0.001274554127142884,0.9381153828010104
0.8200000000000001,0.615,0.6617120613209775,0.9585469413252374,-0.0025624041528788926,0.9416380501293579
0.8233333333333334,0.6175,0.6635645378727573,0.9576269954642803,-0.004260149943675833,0.9447931152745247
0.8266666666666668,0.6200000000000001,0.6680347617147168,0.9571954602497851,-0.0019110346249038837,0.945162567594887
0.8300000000000001,0.6225,0.6729028782116516,0.9609516475379482,0.0004977611307688984,0.9470656860591163
0.8333333333333334,0.625,0.6796077584153336,0.956836309114021,0.01105406191156483,0.9387613666721902
0.8366666666666667,0.6275,0.6786274423745892,0.9560171035030807,0.012255592044824412,0.9328124219271143
0.8400000000000001,0.6300000000000001,0.6821163975318529,0.9584323998850796,0.013710346307203837,0.9353089570884565
0.8433333333333334,0.6325000000000001,0.6853843324358322,0.9582091061608915,0.01371647074668355,0.9397382226582389
0.8466666666666667,0.635,0.6939299198893935,0.9552939685105869,0.025280867436452047,0.9353442082984094
0.8500000000000001,0.6375000000000001,0.6976590725621119,0.958932590423167,0.025465236747897545,0.9381770958744591
0.8533333333333334,0.64,0.7065714641956427,0.9664345071918469,0.02681387159007331,0.9475802666542023
0.8566666666666667,0.6425000000000001,0.7035677304919858,0.960174911921652,0.027215431528498098,0.9410188954726632
0.8600000000000001,0.645,0.7032974588331071,0.962444182657382,0.024062523542526422,0.9426309178371356
0.8633333333333334,0.6475000000000001,0.7083559485880515,0.9664028698765376,0.025177488429831987,0.9463026715720392
0.8666666666666667,0.65,0.7120639801959707,0.969121197450797,0.022583612920276643,0.9559020282070201
0.8700000000000001,0.6525000000000001,0.7110491884021575,0.9743550445143732,0.01690033501211208,0.9532999940446562
0.8733333333333334,0.655,0.7145645083470944,0.9766008070050689,0.018193957026245,0.9519390431255266
0.8766666666666667,0.6575,0.7170514637291505,0.9736348367881624,0.01995882254834653,0.9519253144416469
0.88,0.66,0.7194138229823462,0.9733168877892984,0.02206339309722697,0.9488629533747913
0.8833333333333334,0.6625000000000001,0.7235045303130176,0.9730525359135909,0.025996239516618926,0.9463642374278023
0.8866666666666667,0.665,0.7248118525777747,0.9735583464250354,0.025492392373609576,0.9456452125358865
0.89,0.6675,0.727202841478342,0.9762440114843487,0.025426098632252713,0.9494865699018568
0.8933333333333334,0.67,0.7269198394785041,0.979145737362826,0.0220143565969914,0.9508055186175318
0.8966666666666667,0.6725000000000001,0.736871045364389,0.9816865047212949,0.030377221688549373,0.9500930785255048
0.9,0.675,0.7372285335082593,0.9837430389075673,0.02887637245052426,0.9489968545251577
0.9033333333333334,0.6775000000000001,0.7395376097282944,0.9831027763253627,0.029306929669622575,0.9495253905551552
0.9066666666666667,0.68,0.7458191706358245,0.9843843074629943,0.03195319311318623,0.956164511174834
0.91,0.6825,0.7520599952020397,0.9856197414536411,0.03681234226665789,0.9534379968642962
0.9133333333333334,0.685,0.7539056077327608,0.984128983213558,0.035999399199314004,0.9583883957432384
0.9166666666666667,0.6875,0.7549840451085319,0.9829303509988867,0.03636464304319592,0.9572662041408492
0.92,0.6900000000000001,0.7574340959054032,0.9866807699728367,0.035513583151687476,0.9585530872862492
0.9233333333333333,0.6925,0.7569712943985363,0.9875699176051957,0.03451792476130855,0.9596111945762463
0.9266666666666667,0.6950000000000001,0.7646038371062557,0.9854483794181275,0.040737937666023356,0.9604801254549187
0.93,0.6975,0.7691164915068821,0.9899063729937995,0.04132324232569747,0.9625620462828408
0.9333333333333333,0.7,0.7742612314874147,0.9881542942347739,0.04569543171399481,0.9638594768256554
0.9366666666666668,0.7025000000000001,0.7760361694608655,0.9864562808941255,0.04785603788362078,0.9622582780810944
0.9400000000000001,0.7050000000000001,0.784213803922143,0.9886249819654891,0.052797432163638594,0.9652967548968963
0.9433333333333334,0.7075,0.7857789704618131,0.9916417241483416,0.04946253625028932,0.9725606476214331
0.9466666666666668,0.7100000000000001,0.7876820946225374,0.9932658822216909,0.04999976336763833,0.9724269752862275
0.9500000000000001,0.7125,0.7867307479336053,0.9891289705986152,0.05153363767555597,0.9665692537899414
0.9533333333333334,0.7150000000000001,0.7883361488694562,0.9890817193759965,0.05201773466947491,0.9651010106143234
0.9566666666666668,0.7175,0.7962210866325589,0.9919392464447124,0.05441628196660758,0.9742452791165214
0.9600000000000001,0.7200000000000001,0.8024425753853356,0.9939153112673285,0.05716177338347649,0.9790312966594726
0.9633333333333334,0.7225,0.8089228244678982,0.9954424805784114,0.06312453127547711,0.9782517073689867
0.9666666666666667,0.725,0.8143980393135428,0.9963998535832459,0.06582082256548205,0.9810056468773347
0.9700000000000001,0.7275,0.8127420817431816,0.9974604622537104,0.060346507511451694,0.9867108378450237
0.9733333333333334,0.73,0.8117429938574757,0.9980740238949485,0.05640755749427365,0.9888083256119069
0.9766666666666667,0.7325,0.8146156037919207,1.0008211244421332,0.05572221896173128,0.9909159874585559
0.9800000000000001,0.7350000000000001,0.8174232212688289,1.0023029574680733,0.055900274717132055,0.9929703911586371
0.9833333333333334,0.7375,0.8211672249473161,1.0020103383385905,0.060185623942175956,0.9898583991725923
0.9866666666666667,0.74,0.8237297493287172,1.00110504916107,0.06363766245112104,0.9858856167365176
0.9900000000000001,0.7425,0.8250288612572878,1.0034239245849041,0.05988185009006611,0.9933382889964653
0.9933333333333334,0.7450000000000001,0.8271889621826745,1.0084111521727823,0.0562898490493239,1.0005960875304862
0.9966666666666667,0.7475,0.8293249576642797,1.015087870024187,0.05247783949556814,1.0056682663309637
1.0,0.75,0.8359699600290798,1.015053618218091,0.05796557776200836,1.0055789100752492
