path,weight,weight_norm
p0,1.6133324848056818,1.7016957745128398
p1,0.6057168270801137,0.6388923392425847
p2,0.8075781810018221,0.8518097733370118
p3,1.3906318179643145,1.4667976445152953
p4,1.1211438060272314,1.1825495955147605
p5,0.6262909985574174,0.6605933717307809
p6,1.0706281028702056,1.1292671138078296
p7,0.6989251265058418,0.7372057190177358
p8,0.3563612760426594,0.375879419371412
p9,0.3113205592523254,0.3283717926639684
p10,0.7237204495620254,0.7633590983550833
p11,0.8587546483402206,0.9057892097175645
p12,0.6658265107216458,0.7022942701052233
p13,2.0833853533825173,2.1974937503102354
p14,0.5867073887836919,0.6188417414088841
p15,2.2559558270216877,2.3795160231914676
p16,0.29611933128215745,0.3123379833606388
p17,1.5249441160501789,1.6084663162059625
p18,0.8666674325559531,0.914135382370355
p19,0.7257330417880947,0.7654819215915671
p20,0.9485902314345186,1.0005451472519635
p21,0.7544562667914146,0.79577833666959
p22,0.5771649099837541,0.6087766147191502
p23,0.911414086458296,0.9613328401704914
p24,3.0561880315313994,3.223577476034083
p25,1.2946786316409082,1.3655890385674332
p26,1.3830384079990155,1.4587883384523546
p27,0.5125087581122696,0.5405792025476488
p28,0.5814084553957966,0.6132525819265519
p29,0.46418071649334547,0.48960420205151167
p30,3.843815794989785,4.054344134233225
p31,1.1627876855052208,1.2264743378784226
p32,0.45739306831291854,0.4824447898805583
p33,0.4743725843432125,0.5003542852599341
p34,0.7380003737573085,0.7784211434650247
p35,2.403767501095811,2.53542344064231
p36,0.7089143179673729,0.7477420251176744
p37,0.3409499266225658,0.35962398012705016
p38,0.797173951934539,0.8408356977465163
p39,1.1232380068091437,1.1847584970617908
p40,0.3964905126495459,0.4182065608698302
p41,0.3316444865298059,0.3498088749116245
p42,0.27814799308607896,0.29338234305795724
p43,0.1184041954265263,0.12488927170283848
p44,0.7617095384849376,0.803428874862124
p45,0.5431073696966155,0.5728537203729764
p46,0.10701590330048323,0.1128772352674973
p47,0.5700677333932265,0.6012907210618816
p48,0.3397222843359882,0.35832909905860505
p49,0.5658048101589354,0.5967943146960607
p50,1.2452699279145054,1.3134741873837954
p51,1.166054092228261,1.229919647863058
p52,0.5266532682030889,0.5554984168328558
p53,0.39884417593883115,0.4206891358577659
p54,1.3279042573604856,1.4006344538336852
p55,0.3965226234293293,0.4182404303783093
p56,0.7478293115927052,0.7887884187414896
p57,0.6909748347592958,0.7288199845218044
p58,1.1629659264477423,1.226662341195526
p59,0.7413611057447423,0.7819659449713149
p60,0.8765217915837121,0.9245294711747404
p61,1.7236462748165884,1.8180515239321333
p62,0.9691172699417443,1.022196465266065
p63,0.5709382987758347,0.6022089678876126
p64,0.44314606268297835,0.46741746630760617
p65,0.24657977099044978,0.26008510851086675
p66,0.7765482915571023,0.8190803562769938
p67,0.3230846478841261,0.3407802082288115
p68,0.9162161809349817,0.9663979485450815
p69,0.5397806516586572,0.569344795782723
p70,0.43228351079772653,0.45595996525456933
p71,1.4792143082959524,1.56023185656572
p72,0.47858874426300624,0.5048013670535221
p73,1.916711477824724,2.0216910360962856
p74,1.1682233088584522,1.2322076739261074
p75,0.4008507117877579,0.4228055710053161
p76,1.2339145723645006,1.3014968914825966
p77,1.3659560976066845,1.4407704185955885
p78,1.8291984583310419,1.9293848705105874
p79,0.42050430032015335,0.44353559961043626
p80,0.5167496829501013,0.5450524056502528
p81,0.3798647722146945,0.40067021760978516
p82,2.3913538003087726,2.5223298332338446
p83,0.4318989697192328,0.4555543626062856
p84,0.62329740956532,0.6574358218850689
p85,0.6930744901808786,0.7310346394627362
p86,2.4987732378605054,2.6356327045910444
p87,1.0265139914581567,1.0827368432695075
p88,0.15755048480645992,0.16617962930306576
p89,1.8189643415602494,1.9185902243798327
p90,0.22498930670191233,0.23731212018044226
p91,2.022236263549506,2.132995484289965
p92,0.22246078514156778,0.23464510981802392
p93,1.6871599110096125,1.7795667777918192
p94,0.6210861238556544,0.6551034225911739
p95,1.2604726959767452,1.3295096211310604
p96,0.732397387199896,0.772511277619517
p97,0.5401589615066248,0.5697438259118539
p98,0.44112738774931126,0.4652882272095971
p99,1.3585128660943693,1.4329195163590582
p100,1.0599654044168123,1.1180204122916018
p101,1.993778273407372,2.102978831162305
p102,0.40594706377663414,0.4281810535711093
p103,4.018153490534648,4.238230420935455
p104,0.20093875330970348,0.21194430203528997
p105,0.7654561121513608,0.8073806508519449
p106,0.7392200813715408,0.77970765527386
p107,0.39952578046173426,0.4214080723122394
p108,1.8771478283033536,1.9799604592629974
p109,0.511964513249962,0.5400051490334404
p110,0.4653177633057562,0.49080352567161195
p111,0.1534997327151914,0.1619070148344239
p112,0.5677506644004445,0.5988467446643279
p113,0.4430899827078015,0.46735831479501216
p114,0.7427346924025918,0.7834147638809964
p115,0.6227748191636147,0.6568846088606253
p116,1.1809246926962966,1.2456047209767833
p117,1.035596888811825,1.0923172169324928
p118,1.8509226639625094,1.9522989252859544
p119,0.6921589317993724,0.7300689353417306
p120,0.5393602803254851,0.5689014004329596
p121,0.32056313494236505,0.3381205903516626
p122,0.7676975971350567,0.8097449034541285
p123,0.568142682954782,0.5992602343347643
p124,0.4257530983063213,0.4490718777418527
p125,0.37453606976397746,0.39504965859332575
p126,0.6976569936396073,0.7358681296737439
p127,0.32837675679609624,0.3463621694541481
p128,1.2362824074250625,1.3039944144391165
p129,1.382027111611036,1.4577216526907948
p130,0.4703497696424429,0.4961111383311891
p131,3.0910824768675873,3.2603831132736456
p132,0.48259031056879415,0.5090221017986062
p133,0.3262671645198338,0.3441370334104186
p134,1.3467654977507773,1.4205287368636932
p135,0.48204843562463695,0.5084505480045364
p136,1.3612056917035207,1.4357598298119576
p137,1.648752963973472,1.739056256805681
p138,1.0272005655966863,1.0834610215287497
p139,0.2768391646385657,0.2920018292087219
p140,0.6245871069858246,0.658796156888264
p141,0.4298951695660119,0.4534408129903087
p142,0.4408043748311953,0.46494752265982336
p143,0.5419709281564006,0.5716550351762313
p144,1.266460287144669,1.3358251566365604
p145,0.34215471972032424,0.36089476054145725
p146,0.6590251569481838,0.6951204016768185
p147,1.505075859593753,1.5875098621723045
p148,0.6722679674992209,0.7090885297406926
p149,0.5582869244643215,0.5888646694181776
p150,0.5904746742424808,0.622815363589669
p151,1.0094659224692961,1.064755040240579
p152,0.5322564828753955,0.5614085232872615
p153,0.23692633420219106,0.24990294659023501
p154,1.228479984856938,1.2957646480145346
p155,1.2354496650257398,1.3031160621865392
p156,0.9866972445769543,1.0407393067662054
p157,0.8249557229162866,0.8701390947420945
p158,0.5709455992697879,0.6022166682344594
p159,1.608888807151036,1.6970087136872352
p160,0.5182378764221351,0.546622108465307
p161,0.43341997582164704,0.45715867522123815
p162,0.5968990372488772,0.6295915932167804
p163,0.8291399666711285,0.8745525123012183
p164,0.3267481452780125,0.3446443578035757
p165,0.3780249098866841,0.3987295848023836
p166,0.5357852830157426,0.5651305981506163
p167,3.493262345042286,3.684590639442343
p168,0.48656927216086254,0.5132189937548152
p169,2.803339981017918,2.956880770175325
p170,1.2972092696087507,1.3682582812543909
p171,0.8216952655301759,0.8667000599435161
p172,1.4318905378840319,1.5103161318763478
p173,1.7129598694145096,1.8067798170219245
p174,0.5839792140654749,0.6159641427527822
p175,1.6807579254023546,1.7728141511888316
p176,0.27803908950456235,0.29326747475508635
p177,0.9564516902963943,1.0088371834272418
p178,2.0482349152988815,2.160418099430744
p179,1.0065631053376232,1.0616932338902616
p180,0.4994172602448933,0.5267706746634282
p181,1.4665977614013312,1.546924293033888
p182,2.6052241646186953,2.747914019176491
p183,0.5467951258618418,0.5767434573880685
p184,2.5977997759053593,2.7400829917715313
p185,0.7221897144680548,0.7617445238852573
p186,1.00641182789408,1.0615336708808503
p187,0.7895707210882869,0.8328160329064624
p188,0.5252095176334292,0.5539755910874011
p189,0.6392163300033806,0.6742266321485321
p190,1.2518928741800353,1.3204598768067883
p191,1.165716925115458,1.2295640138839714
p192,0.7377407306687636,0.7781472795523968
p193,0.8908650516924259,0.9396583211480777
p194,1.1467779102479032,1.209587696617022
p195,0.23206161699124442,0.24477178559271448
p196,1.0620662140159811,1.120236284625191
p197,0.39526975830837985,0.41691894500413307
p198,0.5474120656266686,0.5773941873527981
p199,0.7527149036716874,0.7939415979374065
p200,0.8733822389647715,0.9212179631775803
p201,0.4665982193700634,0.4921541131634044
p202,1.3143889078956879,1.3863788597190718
p203,1.2941700119640522,1.3650525614537004
p204,0.48580863411075226,0.5124166950544563
p205,1.1588582507507137,1.2223296853775005
p206,1.2300500084182733,1.297420662807128
p207,0.6710710616666211,0.7078260685821856
p208,0.6440260956265343,0.6792998318233677
p209,0.6401224147137786,0.6751823437191825
p210,0.9097813632326393,0.9596106916113966
p211,0.2554103166658059,0.26939930902682924
p212,1.3055693696579391,1.3770762695253715
p213,0.9054460026742028,0.9550378804811666
p214,0.33626100483967203,0.3546782429897157
p215,0.14443981166987807,0.15235087590743357
p216,0.17695004269498882,0.18664171383755215
p217,2.549158392052631,2.688777487079723
p218,0.7095851275193188,0.748449575353475
p219,0.2533672576380341,0.26724435030171667
p220,0.3069927258043045,0.32380692090898133
p221,0.2564247676235051,0.27046932213598396
p222,1.657258740706819,1.748027900569384
p223,0.6430834774214348,0.678305585794292
p224,0.3791560429725491,0.399922670797215
p225,1.2081626635900504,1.2743345335930507
p226,2.961981165572145,3.1242108375743927
p227,0.5470817401351709,0.5770457697151509
p228,0.16741749186875884,0.17658705888322748
p229,1.8207072356305007,1.9204285779137154
p230,0.2392724581096342,0.25237756925938704
p231,0.5671294272375309,0.5981914819301694
p232,1.511544411434229,1.5943327008852317
p233,0.6887165717707531,0.726438034972326
p234,0.5039412848999003,0.5315424831478676
p235,3.7522690613017757,3.9577833252527364
p236,0.2757311083455288,0.2908330839379599
p237,0.2402444949348531,0.2534028451859082
p238,1.3475550171137765,1.421361498725594
p239,0.4005420640868903,0.4224800184652625
p240,0.27440761481660586,0.28943710179108434
p241,3.716858928033135,3.9204337555107993
p242,0.18260670406929336,0.19260819430525528
p243,1.325552556361462,1.3981539486119499
p244,0.5109270165929335,0.5389108279967266
p245,0.24278351431732154,0.25608092834312746
p246,0.15601670085754754,0.16456183899049162
p247,0.777997658817499,0.8206091063430607
p248,0.7538653159580895,0.795155019067369
p249,0.16045301628038589,0.16924113434997196
p250,1.966652581987125,2.074367447640741
p251,0.41579370708146,0.4385670040573016
p252,1.3153263391822125,1.3873676347386037
p253,3.0246131405794663,3.1902732073730085
p254,0.29718562691860667,0.31346268071596767
p255,0.48100286841589485,0.5073477143866415
p256,0.7648039693741425,0.8066927897824984
p257,0.4785054460294466,0.5047135065204901
p258,0.377000804184453,0.39764938815193857
p259,2.8304977330603927,2.9855259703006496
p260,0.24038713190939537,0.25355329448210345
p261,0.4107828514760561,0.43328170056858095
p262,1.1377501377922241,1.2000654670792321
p263,1.2352101421226342,1.3028634204552454
p264,0.30104897902853195,0.31753763118205647
p265,0.4015510302053972,0.4235442463269463
p266,0.7358069672920688,0.7761076026736254
p267,0.6745929226833783,0.7115408242615514
p268,4.452812847180721,4.6966963586904855
p269,1.4694316863180144,1.5499134338969303
p270,0.6837855417378053,0.721236929155583
p271,0.4785973364534343,0.5048104298439158
p272,2.2114995665360726,2.3326248638480016
p273,0.4827167752982218,0.5091554930851009
p274,0.408937652331847,0.43133543864401946
p275,4.493431944429078,4.739540190822448
p276,2.1076994616210305,2.223139558375341
p277,0.4667262647979429,0.492289171724253
p278,0.5584183965658168,0.5890033423338276
p279,0.2978049886721116,0.3141159653233009
p280,2.033800162808815,2.145192745977675
p281,1.9843075231714973,2.0929893616576387
p282,1.5303139501008978,1.6141302596274227
p283,0.18220085016116389,0.19218011150952788
p284,0.6868104049327421,0.7244274661129563
p285,1.0572943736516303,1.1152030874007244
p286,0.41769858540370963,0.4405762138280474
p287,1.092026270457845,1.1518372732195703
p288,0.4814986710003564,0.5078706724073327
p289,4.212537706039301,4.443261188784962
p290,0.5872007878027394,0.6193621642192902
p291,0.6955230814368135,0.7336173416849847
p292,0.40010263301866966,0.42201651946612667
p293,3.304488297429616,3.48547731209937
p294,0.9872572204867319,1.0413299529277822
p295,1.3132491404366966,1.385176666440774
p296,1.5469115796234791,1.6316369523218974
p297,1.1154786921514033,1.1765741995964218
p298,1.7646742326483498,1.8613266102126953
p299,0.32863985079258834,0.34663967328323897
p300,2.372373185881557,2.5023096379717744
p301,0.13721232736099495,0.14472753749169118
p302,1.053602781356268,1.1113093041481057
p303,0.45701346977722274,0.482044400481418
p304,0.852606787548476,0.8993046265147008
p305,0.413586516977157,0.43623892468778996
p306,0.1694330021463741,0.17871295999487477
p307,1.0224556492503658,1.0784562229686296
p308,0.6017311076622012,0.6346883193299302
p309,1.1513209791202013,1.2143795923831584
p310,0.23593276140674777,0.24885495515412356
p311,5.248880057041378,5.536364697366049
p312,0.30812159637813064,0.3249976204724896
p313,0.21236056415907928,0.2239916930366611
p314,0.9678218050215779,1.0208300468734282
p315,2.121126684526366,2.237302199180409
p316,0.16542659247316516,0.17448711660792515
p317,0.29985073357911834,0.31627375703503463
p318,0.5881937262058835,0.6204094865170158
p319,4.678860434200547,4.935124721903412
p320,0.3032431786452983,0.3198520085664173
p321,0.17775051956695895,0.18748603335845418
p322,1.0957227752391472,1.1557362380182405
p323,0.5183148127967079,0.5467032586961179
p324,0.2710668950096474,0.2859134085456605
p325,0.1234741471670879,0.13023690806121554
p326,0.7862786356106449,0.8293436377248127
p327,1.078013596392349,1.1370571157061904
p328,1.0511031020155803,1.108672715712835
p329,0.5619104825337115,0.592686692165166
p330,0.49982726222660134,0.5272031327254739
p331,0.13385626646487694,0.14118766291548462
p332,0.29643000528481184,0.31266567318437133
p333,2.012232726771164,2.122444047170704
p334,0.22952248777623405,0.24209358658735217
p335,0.6105842581782784,0.6440263627687254
p336,0.5079243414022553,0.5357436942953142
p337,0.7131062623091425,0.7521635650299768
p338,0.4967119548306505,0.5239171978782396
p339,0.15524139797618514,0.1637440722563513
p340,0.8794643633741626,0.9276332095728508
p341,0.41661901077916275,0.43943751018563987
p342,0.1872977668297335,0.19755618968289565
p343,0.9921724118039607,1.0465143525318463
p344,0.8476164949003401,0.8940410122300494
p345,0.42285192198511234,0.4460118020702762
p346,0.7106334441479841,0.749555308978845
p347,0.5568362599609883,0.5873345510583187
p348,0.757143383862123,0.7986126289236113
p349,0.5133783399970621,0.5414964120087368
p350,0.4600236490305326,0.48521944924794713
p351,0.2058851205401972,0.2171615850780558
p352,0.1970255481213847,0.20781676800465532
p353,1.003495849703183,1.0584579826313705
p354,0.4374058401154213,0.46136284794470145
p355,0.1481564008051865,0.15627102509349328
p356,0.22977773126904327,0.24236280993546921
p357,0.646499599309668,0.6819088109429677
p358,0.9179904334884855,0.9682693780871326
p359,0.4889537032617108,0.5157340217277498
p360,0.2975811032867217,0.3138798175869345
p361,0.36823031562945197,0.38839853412462627
p362,0.5977965347348826,0.6305382472350656
p363,0.7252653440592257,0.7649886077480406
p364,1.2622932515139853,1.3314298897019625
p365,1.1713835498456395,1.2355410034071577
p366,1.7030256147057032,1.796301456597076
p367,0.4017635367776163,0.42376839202500116
p368,0.6062300785821778,0.6394337018696629
p369,1.206870840602922,1.272971956604539
p370,1.2809768395330252,1.3511367902225755
p371,1.3606100791381186,1.4351315951515036
p372,1.097746875555566,1.157871199650811
p373,0.32608862548455003,0.34394871567381485
p374,0.39813006649487476,0.4199359141661649
p375,0.5413209736348342,0.5709694822146493
p376,0.987425967865279,1.0415079427121188
p377,1.87967100998099,1.9826218372737916
p378,1.2741265190805156,1.3439112731776506
p379,2.909223860443228,3.068563979869562
p380,0.614280492711813,0.6479250425179786
p381,0.24170605086739863,0.25494445150577755
p382,0.3096569892161912,0.32661710779413716
p383,1.1232235067906986,1.1847432028677232
p384,2.9360848528847563,3.0968961666738677
p385,1.0736123004533664,1.1324147578709118
p386,0.6243893040550111,0.6585875201598018
p387,0.37428420445329946,0.3947839984526148
p388,1.4052516092386698,1.4822181714495348
p389,3.7508682529921495,3.9563057937433648
p390,1.0473732284937285,1.1047385545455743
p391,1.9443261790879722,2.0508182128541277
p392,0.5015495019341955,0.5290197006435644
p393,1.0565348652599742,1.1144019802309622
p394,0.8006337746082961,0.8444850172017094
p395,0.8465625297040411,0.892929320661252
p396,1.3280187831208174,1.4007552522458324
p397,0.734120591343272,0.7743288627961763
p398,0.5711779272204659,0.6024617209410114
p399,0.5814331916514542,0.61327867300333
